cutoff,candidate,target,horizon,model,mape
2025-04-07 00:00:00,half_life_14d,generator_1,1,persistence,0.03310945160332308
2025-04-07 00:00:00,half_life_14d,generator_1,1,ema,0.03852700403444829
2025-04-07 00:00:00,half_life_14d,generator_1,1,seasonal,0.14565490119127134
2025-04-07 00:00:00,half_life_14d,generator_1,1,lgb_residual,0.031187595658624962
2025-04-07 00:00:00,half_life_14d,generator_1,1,cat_residual,0.03114495625742277
2025-04-07 00:00:00,half_life_14d,generator_1,1,learned_mean,0.031087707745386273
2025-04-07 00:00:00,half_life_14d,generator_1,2,persistence,0.04485340570327737
2025-04-07 00:00:00,half_life_14d,generator_1,2,ema,0.04785078715585669
2025-04-07 00:00:00,half_life_14d,generator_1,2,seasonal,0.14505465853024882
2025-04-07 00:00:00,half_life_14d,generator_1,2,lgb_residual,0.0425855299096258
2025-04-07 00:00:00,half_life_14d,generator_1,2,cat_residual,0.04330661444324498
2025-04-07 00:00:00,half_life_14d,generator_1,2,learned_mean,0.042884929758155756
2025-04-07 00:00:00,half_life_14d,generator_1,3,persistence,0.052547123524338324
2025-04-07 00:00:00,half_life_14d,generator_1,3,ema,0.055865271108729804
2025-04-07 00:00:00,half_life_14d,generator_1,3,seasonal,0.14447356638984277
2025-04-07 00:00:00,half_life_14d,generator_1,3,lgb_residual,0.05078151726812763
2025-04-07 00:00:00,half_life_14d,generator_1,3,cat_residual,0.051069765261406525
2025-04-07 00:00:00,half_life_14d,generator_1,3,learned_mean,0.05069910061870914
2025-04-07 00:00:00,half_life_14d,generator_1,4,persistence,0.05927319090905214
2025-04-07 00:00:00,half_life_14d,generator_1,4,ema,0.06280309043616315
2025-04-07 00:00:00,half_life_14d,generator_1,4,seasonal,0.14455305553451936
2025-04-07 00:00:00,half_life_14d,generator_1,4,lgb_residual,0.05593191638445172
2025-04-07 00:00:00,half_life_14d,generator_1,4,cat_residual,0.05831760036295852
2025-04-07 00:00:00,half_life_14d,generator_1,4,learned_mean,0.056943192756697014
2025-04-07 00:00:00,half_life_14d,generator_1,5,persistence,0.06716897373178321
2025-04-07 00:00:00,half_life_14d,generator_1,5,ema,0.06934985854170884
2025-04-07 00:00:00,half_life_14d,generator_1,5,seasonal,0.14420989138381987
2025-04-07 00:00:00,half_life_14d,generator_1,5,lgb_residual,0.06157824017778853
2025-04-07 00:00:00,half_life_14d,generator_1,5,cat_residual,0.06369066151218626
2025-04-07 00:00:00,half_life_14d,generator_1,5,learned_mean,0.062369174423754926
2025-04-07 00:00:00,half_life_14d,generator_1,6,persistence,0.07246045195360273
2025-04-07 00:00:00,half_life_14d,generator_1,6,ema,0.0754278184474018
2025-04-07 00:00:00,half_life_14d,generator_1,6,seasonal,0.14387871100136335
2025-04-07 00:00:00,half_life_14d,generator_1,6,lgb_residual,0.06522863894147891
2025-04-07 00:00:00,half_life_14d,generator_1,6,cat_residual,0.0662648594168991
2025-04-07 00:00:00,half_life_14d,generator_1,6,learned_mean,0.0654389045120025
2025-04-07 00:00:00,half_life_14d,generator_1,7,persistence,0.08053477884660447
2025-04-07 00:00:00,half_life_14d,generator_1,7,ema,0.08107908267571595
2025-04-07 00:00:00,half_life_14d,generator_1,7,seasonal,0.14328558023639384
2025-04-07 00:00:00,half_life_14d,generator_1,7,lgb_residual,0.0708849152787238
2025-04-07 00:00:00,half_life_14d,generator_1,7,cat_residual,0.07146148513566557
2025-04-07 00:00:00,half_life_14d,generator_1,7,learned_mean,0.07088860435020528
2025-04-07 00:00:00,half_life_14d,generator_1,8,persistence,0.08412705457590008
2025-04-07 00:00:00,half_life_14d,generator_1,8,ema,0.0855465101801152
2025-04-07 00:00:00,half_life_14d,generator_1,8,seasonal,0.1429992043606189
2025-04-07 00:00:00,half_life_14d,generator_1,8,lgb_residual,0.0746459564131891
2025-04-07 00:00:00,half_life_14d,generator_1,8,cat_residual,0.07681247966220738
2025-04-07 00:00:00,half_life_14d,generator_1,8,learned_mean,0.07510956492960522
2025-04-07 00:00:00,half_life_14d,generator_1,12,persistence,0.09887127016970972
2025-04-07 00:00:00,half_life_14d,generator_1,12,ema,0.10254910166476645
2025-04-07 00:00:00,half_life_14d,generator_1,12,seasonal,0.1444476248218951
2025-04-07 00:00:00,half_life_14d,generator_1,12,lgb_residual,0.08191079321668714
2025-04-07 00:00:00,half_life_14d,generator_1,12,cat_residual,0.08541332670761365
2025-04-07 00:00:00,half_life_14d,generator_1,12,learned_mean,0.08289570122360702
2025-04-07 00:00:00,half_life_14d,generator_1,16,persistence,0.12035358674650472
2025-04-07 00:00:00,half_life_14d,generator_1,16,ema,0.12153037788386667
2025-04-07 00:00:00,half_life_14d,generator_1,16,seasonal,0.14373544028969817
2025-04-07 00:00:00,half_life_14d,generator_1,16,lgb_residual,0.09408865103976309
2025-04-07 00:00:00,half_life_14d,generator_1,16,cat_residual,0.09129863837817859
2025-04-07 00:00:00,half_life_14d,generator_1,16,learned_mean,0.09219317636558537
2025-04-07 00:00:00,half_life_14d,generator_1,24,persistence,0.1426092353780015
2025-04-07 00:00:00,half_life_14d,generator_1,24,ema,0.14387765736028144
2025-04-07 00:00:00,half_life_14d,generator_1,24,seasonal,0.14459643537411682
2025-04-07 00:00:00,half_life_14d,generator_1,24,lgb_residual,0.09918202483706828
2025-04-07 00:00:00,half_life_14d,generator_1,24,cat_residual,0.10086438819869802
2025-04-07 00:00:00,half_life_14d,generator_1,24,learned_mean,0.0989561799239616
2025-04-07 00:00:00,half_life_14d,generator_1,32,persistence,0.1725868123043582
2025-04-07 00:00:00,half_life_14d,generator_1,32,ema,0.16988383947769992
2025-04-07 00:00:00,half_life_14d,generator_1,32,seasonal,0.14942779759172722
2025-04-07 00:00:00,half_life_14d,generator_1,32,lgb_residual,0.12376656555450179
2025-04-07 00:00:00,half_life_14d,generator_1,32,cat_residual,0.1290472845406331
2025-04-07 00:00:00,half_life_14d,generator_1,32,learned_mean,0.12594043230958377
2025-04-07 00:00:00,half_life_14d,generator_1,48,persistence,0.1802356122509107
2025-04-07 00:00:00,half_life_14d,generator_1,48,ema,0.1755939646476122
2025-04-07 00:00:00,half_life_14d,generator_1,48,seasonal,0.15258070149495628
2025-04-07 00:00:00,half_life_14d,generator_1,48,lgb_residual,0.1489831413729446
2025-04-07 00:00:00,half_life_14d,generator_1,48,cat_residual,0.1444227836612725
2025-04-07 00:00:00,half_life_14d,generator_1,48,learned_mean,0.1459558788752693
2025-04-07 00:00:00,half_life_14d,generator_1,64,persistence,0.19958586998274938
2025-04-07 00:00:00,half_life_14d,generator_1,64,ema,0.19588285807936898
2025-04-07 00:00:00,half_life_14d,generator_1,64,seasonal,0.15522641814234642
2025-04-07 00:00:00,half_life_14d,generator_1,64,lgb_residual,0.14812499622958708
2025-04-07 00:00:00,half_life_14d,generator_1,64,cat_residual,0.14251025647297996
2025-04-07 00:00:00,half_life_14d,generator_1,64,learned_mean,0.14293831894162898
2025-04-07 00:00:00,half_life_14d,generator_1,72,persistence,0.19873389876556413
2025-04-07 00:00:00,half_life_14d,generator_1,72,ema,0.19364798089186497
2025-04-07 00:00:00,half_life_14d,generator_1,72,seasonal,0.15290067752710687
2025-04-07 00:00:00,half_life_14d,generator_1,72,lgb_residual,0.1453610411871862
2025-04-07 00:00:00,half_life_14d,generator_1,72,cat_residual,0.17141503077169581
2025-04-07 00:00:00,half_life_14d,generator_1,72,learned_mean,0.15517645817408734
2025-04-07 00:00:00,half_life_14d,generator_1,96,persistence,0.14746790413566058
2025-04-07 00:00:00,half_life_14d,generator_1,96,ema,0.1413411713291617
2025-04-07 00:00:00,half_life_14d,generator_1,96,seasonal,0.14746790413566058
2025-04-07 00:00:00,half_life_14d,generator_1,96,lgb_residual,0.15172324321356576
2025-04-07 00:00:00,half_life_14d,generator_1,96,cat_residual,0.1623337025331426
2025-04-07 00:00:00,half_life_14d,generator_1,96,learned_mean,0.15685227616660916
2025-04-07 00:00:00,half_life_14d,generator_all,1,persistence,0.0230770669618922
2025-04-07 00:00:00,half_life_14d,generator_all,1,ema,0.03854594564316802
2025-04-07 00:00:00,half_life_14d,generator_all,1,seasonal,0.1344467336063281
2025-04-07 00:00:00,half_life_14d,generator_all,1,lgb_residual,0.02048288556599391
2025-04-07 00:00:00,half_life_14d,generator_all,1,cat_residual,0.020761318385022473
2025-04-07 00:00:00,half_life_14d,generator_all,1,learned_mean,0.02056327762532672
2025-04-07 00:00:00,half_life_14d,generator_all,2,persistence,0.03959906255389822
2025-04-07 00:00:00,half_life_14d,generator_all,2,ema,0.05134993124535402
2025-04-07 00:00:00,half_life_14d,generator_all,2,seasonal,0.1334260062918566
2025-04-07 00:00:00,half_life_14d,generator_all,2,lgb_residual,0.0369292400710847
2025-04-07 00:00:00,half_life_14d,generator_all,2,cat_residual,0.036797695217123345
2025-04-07 00:00:00,half_life_14d,generator_all,2,learned_mean,0.03676453796110025
2025-04-07 00:00:00,half_life_14d,generator_all,3,persistence,0.0531174393775008
2025-04-07 00:00:00,half_life_14d,generator_all,3,ema,0.06252884848561725
2025-04-07 00:00:00,half_life_14d,generator_all,3,seasonal,0.13229658220422677
2025-04-07 00:00:00,half_life_14d,generator_all,3,lgb_residual,0.04964277199385377
2025-04-07 00:00:00,half_life_14d,generator_all,3,cat_residual,0.04909893848723107
2025-04-07 00:00:00,half_life_14d,generator_all,3,learned_mean,0.04911699308527118
2025-04-07 00:00:00,half_life_14d,generator_all,4,persistence,0.06445145371913501
2025-04-07 00:00:00,half_life_14d,generator_all,4,ema,0.07177924305251861
2025-04-07 00:00:00,half_life_14d,generator_all,4,seasonal,0.13148866857051478
2025-04-07 00:00:00,half_life_14d,generator_all,4,lgb_residual,0.0595336860214282
2025-04-07 00:00:00,half_life_14d,generator_all,4,cat_residual,0.05952445995894378
2025-04-07 00:00:00,half_life_14d,generator_all,4,learned_mean,0.05924571742604068
2025-04-07 00:00:00,half_life_14d,generator_all,5,persistence,0.07475106980289567
2025-04-07 00:00:00,half_life_14d,generator_all,5,ema,0.07914659266908257
2025-04-07 00:00:00,half_life_14d,generator_all,5,seasonal,0.13091323493627258
2025-04-07 00:00:00,half_life_14d,generator_all,5,lgb_residual,0.06863829774103891
2025-04-07 00:00:00,half_life_14d,generator_all,5,cat_residual,0.06724867457078745
2025-04-07 00:00:00,half_life_14d,generator_all,5,learned_mean,0.06763325172862976
2025-04-07 00:00:00,half_life_14d,generator_all,6,persistence,0.08236674278396303
2025-04-07 00:00:00,half_life_14d,generator_all,6,ema,0.085676875387267
2025-04-07 00:00:00,half_life_14d,generator_all,6,seasonal,0.13034944076667715
2025-04-07 00:00:00,half_life_14d,generator_all,6,lgb_residual,0.07492665160908478
2025-04-07 00:00:00,half_life_14d,generator_all,6,cat_residual,0.07414074393372418
2025-04-07 00:00:00,half_life_14d,generator_all,6,learned_mean,0.07404919072245074
2025-04-07 00:00:00,half_life_14d,generator_all,7,persistence,0.0880229652324236
2025-04-07 00:00:00,half_life_14d,generator_all,7,ema,0.09021963850604121
2025-04-07 00:00:00,half_life_14d,generator_all,7,seasonal,0.1299264486239908
2025-04-07 00:00:00,half_life_14d,generator_all,7,lgb_residual,0.07363780061715548
2025-04-07 00:00:00,half_life_14d,generator_all,7,cat_residual,0.07641416975089908
2025-04-07 00:00:00,half_life_14d,generator_all,7,learned_mean,0.07444893306256391
2025-04-07 00:00:00,half_life_14d,generator_all,8,persistence,0.09265858297568723
2025-04-07 00:00:00,half_life_14d,generator_all,8,ema,0.09369901982439015
2025-04-07 00:00:00,half_life_14d,generator_all,8,seasonal,0.12986544078214632
2025-04-07 00:00:00,half_life_14d,generator_all,8,lgb_residual,0.07903112425303183
2025-04-07 00:00:00,half_life_14d,generator_all,8,cat_residual,0.07893536386170978
2025-04-07 00:00:00,half_life_14d,generator_all,8,learned_mean,0.07884982818978457
2025-04-07 00:00:00,half_life_14d,generator_all,12,persistence,0.10087447459623546
2025-04-07 00:00:00,half_life_14d,generator_all,12,ema,0.09905735146719008
2025-04-07 00:00:00,half_life_14d,generator_all,12,seasonal,0.13269629563093588
2025-04-07 00:00:00,half_life_14d,generator_all,12,lgb_residual,0.08176828383050516
2025-04-07 00:00:00,half_life_14d,generator_all,12,cat_residual,0.08186524742542088
2025-04-07 00:00:00,half_life_14d,generator_all,12,learned_mean,0.08108194079583846
2025-04-07 00:00:00,half_life_14d,generator_all,16,persistence,0.10437720785663951
2025-04-07 00:00:00,half_life_14d,generator_all,16,ema,0.10012777056122706
2025-04-07 00:00:00,half_life_14d,generator_all,16,seasonal,0.13447928362977915
2025-04-07 00:00:00,half_life_14d,generator_all,16,lgb_residual,0.09413389691504188
2025-04-07 00:00:00,half_life_14d,generator_all,16,cat_residual,0.09184160723885322
2025-04-07 00:00:00,half_life_14d,generator_all,16,learned_mean,0.09224324734726973
2025-04-07 00:00:00,half_life_14d,generator_all,24,persistence,0.10795664496293485
2025-04-07 00:00:00,half_life_14d,generator_all,24,ema,0.10642157259385798
2025-04-07 00:00:00,half_life_14d,generator_all,24,seasonal,0.13690327479416423
2025-04-07 00:00:00,half_life_14d,generator_all,24,lgb_residual,0.09787779302504347
2025-04-07 00:00:00,half_life_14d,generator_all,24,cat_residual,0.09012565657659387
2025-04-07 00:00:00,half_life_14d,generator_all,24,learned_mean,0.09294567098102306
2025-04-07 00:00:00,half_life_14d,generator_all,32,persistence,0.12604316434298765
2025-04-07 00:00:00,half_life_14d,generator_all,32,ema,0.12424642700995846
2025-04-07 00:00:00,half_life_14d,generator_all,32,seasonal,0.13792622716331138
2025-04-07 00:00:00,half_life_14d,generator_all,32,lgb_residual,0.10770057960437067
2025-04-07 00:00:00,half_life_14d,generator_all,32,cat_residual,0.09915679855587718
2025-04-07 00:00:00,half_life_14d,generator_all,32,learned_mean,0.10311062408911698
2025-04-07 00:00:00,half_life_14d,generator_all,48,persistence,0.12289579132203404
2025-04-07 00:00:00,half_life_14d,generator_all,48,ema,0.11765494722968213
2025-04-07 00:00:00,half_life_14d,generator_all,48,seasonal,0.12744467307179805
2025-04-07 00:00:00,half_life_14d,generator_all,48,lgb_residual,0.09842549163278318
2025-04-07 00:00:00,half_life_14d,generator_all,48,cat_residual,0.09436756270359813
2025-04-07 00:00:00,half_life_14d,generator_all,48,learned_mean,0.09599380723414103
2025-04-07 00:00:00,half_life_14d,generator_all,64,persistence,0.12637880744896116
2025-04-07 00:00:00,half_life_14d,generator_all,64,ema,0.12535208272803802
2025-04-07 00:00:00,half_life_14d,generator_all,64,seasonal,0.13266392647353156
2025-04-07 00:00:00,half_life_14d,generator_all,64,lgb_residual,0.09494322020423918
2025-04-07 00:00:00,half_life_14d,generator_all,64,cat_residual,0.10306529898457027
2025-04-07 00:00:00,half_life_14d,generator_all,64,learned_mean,0.09643993759779805
2025-04-07 00:00:00,half_life_14d,generator_all,72,persistence,0.13905095062723524
2025-04-07 00:00:00,half_life_14d,generator_all,72,ema,0.13632498509376326
2025-04-07 00:00:00,half_life_14d,generator_all,72,seasonal,0.13008582880941913
2025-04-07 00:00:00,half_life_14d,generator_all,72,lgb_residual,0.10363671583380403
2025-04-07 00:00:00,half_life_14d,generator_all,72,cat_residual,0.10644980540704803
2025-04-07 00:00:00,half_life_14d,generator_all,72,learned_mean,0.10424122582428419
2025-04-07 00:00:00,half_life_14d,generator_all,96,persistence,0.12060921308831896
2025-04-07 00:00:00,half_life_14d,generator_all,96,ema,0.11862583106363593
2025-04-07 00:00:00,half_life_14d,generator_all,96,seasonal,0.12060921308831896
2025-04-07 00:00:00,half_life_14d,generator_all,96,lgb_residual,0.1144189476380424
2025-04-07 00:00:00,half_life_14d,generator_all,96,cat_residual,0.13321783771552065
2025-04-07 00:00:00,half_life_14d,generator_all,96,learned_mean,0.1224052624511479
2025-04-18 00:00:00,half_life_14d,generator_1,1,persistence,0.02401580692583923
2025-04-18 00:00:00,half_life_14d,generator_1,1,ema,0.029922158802882917
2025-04-18 00:00:00,half_life_14d,generator_1,1,seasonal,0.3800885964424989
2025-04-18 00:00:00,half_life_14d,generator_1,1,lgb_residual,0.02383025366035597
2025-04-18 00:00:00,half_life_14d,generator_1,1,cat_residual,0.023986613396702296
2025-04-18 00:00:00,half_life_14d,generator_1,1,learned_mean,0.023877134753661256
2025-04-18 00:00:00,half_life_14d,generator_1,2,persistence,0.03474153368294345
2025-04-18 00:00:00,half_life_14d,generator_1,2,ema,0.03902237762462346
2025-04-18 00:00:00,half_life_14d,generator_1,2,seasonal,0.3797215604972186
2025-04-18 00:00:00,half_life_14d,generator_1,2,lgb_residual,0.03410746978595016
2025-04-18 00:00:00,half_life_14d,generator_1,2,cat_residual,0.03390827015744593
2025-04-18 00:00:00,half_life_14d,generator_1,2,learned_mean,0.033975031809382765
2025-04-18 00:00:00,half_life_14d,generator_1,3,persistence,0.040630106921016984
2025-04-18 00:00:00,half_life_14d,generator_1,3,ema,0.04658687487198052
2025-04-18 00:00:00,half_life_14d,generator_1,3,seasonal,0.3791502723644429
2025-04-18 00:00:00,half_life_14d,generator_1,3,lgb_residual,0.0394705405159971
2025-04-18 00:00:00,half_life_14d,generator_1,3,cat_residual,0.03976905335481926
2025-04-18 00:00:00,half_life_14d,generator_1,3,learned_mean,0.039508314894847345
2025-04-18 00:00:00,half_life_14d,generator_1,4,persistence,0.04814737840543265
2025-04-18 00:00:00,half_life_14d,generator_1,4,ema,0.05409663747980503
2025-04-18 00:00:00,half_life_14d,generator_1,4,seasonal,0.3784381064639615
2025-04-18 00:00:00,half_life_14d,generator_1,4,lgb_residual,0.04734288289197843
2025-04-18 00:00:00,half_life_14d,generator_1,4,cat_residual,0.046959327064232
2025-04-18 00:00:00,half_life_14d,generator_1,4,learned_mean,0.04712482589711991
2025-04-18 00:00:00,half_life_14d,generator_1,5,persistence,0.05604040020286354
2025-04-18 00:00:00,half_life_14d,generator_1,5,ema,0.06030449450606429
2025-04-18 00:00:00,half_life_14d,generator_1,5,seasonal,0.37731780963621847
2025-04-18 00:00:00,half_life_14d,generator_1,5,lgb_residual,0.05508565639372783
2025-04-18 00:00:00,half_life_14d,generator_1,5,cat_residual,0.054898791204041474
2025-04-18 00:00:00,half_life_14d,generator_1,5,learned_mean,0.05496276134966958
2025-04-18 00:00:00,half_life_14d,generator_1,6,persistence,0.062282726111680536
2025-04-18 00:00:00,half_life_14d,generator_1,6,ema,0.06631375623144961
2025-04-18 00:00:00,half_life_14d,generator_1,6,seasonal,0.37670637397887413
2025-04-18 00:00:00,half_life_14d,generator_1,6,lgb_residual,0.06152271779551188
2025-04-18 00:00:00,half_life_14d,generator_1,6,cat_residual,0.06196448592304348
2025-04-18 00:00:00,half_life_14d,generator_1,6,learned_mean,0.06173095832263761
2025-04-18 00:00:00,half_life_14d,generator_1,7,persistence,0.06840989761921078
2025-04-18 00:00:00,half_life_14d,generator_1,7,ema,0.07200964079829568
2025-04-18 00:00:00,half_life_14d,generator_1,7,seasonal,0.3759196769200472
2025-04-18 00:00:00,half_life_14d,generator_1,7,lgb_residual,0.06799684384289449
2025-04-18 00:00:00,half_life_14d,generator_1,7,cat_residual,0.06721604945853642
2025-04-18 00:00:00,half_life_14d,generator_1,7,learned_mean,0.06753975115337782
2025-04-18 00:00:00,half_life_14d,generator_1,8,persistence,0.07312403115354368
2025-04-18 00:00:00,half_life_14d,generator_1,8,ema,0.07678053939915276
2025-04-18 00:00:00,half_life_14d,generator_1,8,seasonal,0.3754558162886501
2025-04-18 00:00:00,half_life_14d,generator_1,8,lgb_residual,0.0722672637121466
2025-04-18 00:00:00,half_life_14d,generator_1,8,cat_residual,0.0723086547486879
2025-04-18 00:00:00,half_life_14d,generator_1,8,learned_mean,0.07225739680581604
2025-04-18 00:00:00,half_life_14d,generator_1,12,persistence,0.08849010552376964
2025-04-18 00:00:00,half_life_14d,generator_1,12,ema,0.0928180305429603
2025-04-18 00:00:00,half_life_14d,generator_1,12,seasonal,0.37432315145941564
2025-04-18 00:00:00,half_life_14d,generator_1,12,lgb_residual,0.08636594846885144
2025-04-18 00:00:00,half_life_14d,generator_1,12,cat_residual,0.08825237039124396
2025-04-18 00:00:00,half_life_14d,generator_1,12,learned_mean,0.08724823621288458
2025-04-18 00:00:00,half_life_14d,generator_1,16,persistence,0.10435389430450603
2025-04-18 00:00:00,half_life_14d,generator_1,16,ema,0.10679012765296929
2025-04-18 00:00:00,half_life_14d,generator_1,16,seasonal,0.37018005643329
2025-04-18 00:00:00,half_life_14d,generator_1,16,lgb_residual,0.10190145114492917
2025-04-18 00:00:00,half_life_14d,generator_1,16,cat_residual,0.10341739006243504
2025-04-18 00:00:00,half_life_14d,generator_1,16,learned_mean,0.1026065356839569
2025-04-18 00:00:00,half_life_14d,generator_1,24,persistence,0.12457879550224
2025-04-18 00:00:00,half_life_14d,generator_1,24,ema,0.12427460222723476
2025-04-18 00:00:00,half_life_14d,generator_1,24,seasonal,0.3545178999854055
2025-04-18 00:00:00,half_life_14d,generator_1,24,lgb_residual,0.12548143486741944
2025-04-18 00:00:00,half_life_14d,generator_1,24,cat_residual,0.12904181381673652
2025-04-18 00:00:00,half_life_14d,generator_1,24,learned_mean,0.1271440749195986
2025-04-18 00:00:00,half_life_14d,generator_1,32,persistence,0.13328272860481158
2025-04-18 00:00:00,half_life_14d,generator_1,32,ema,0.1322960036871023
2025-04-18 00:00:00,half_life_14d,generator_1,32,seasonal,0.34175914956906867
2025-04-18 00:00:00,half_life_14d,generator_1,32,lgb_residual,0.13851779513003468
2025-04-18 00:00:00,half_life_14d,generator_1,32,cat_residual,0.13671036923143717
2025-04-18 00:00:00,half_life_14d,generator_1,32,learned_mean,0.13760451461408943
2025-04-18 00:00:00,half_life_14d,generator_1,48,persistence,0.1650718011430926
2025-04-18 00:00:00,half_life_14d,generator_1,48,ema,0.16726499468917713
2025-04-18 00:00:00,half_life_14d,generator_1,48,seasonal,0.3032727456641808
2025-04-18 00:00:00,half_life_14d,generator_1,48,lgb_residual,0.1779332806378681
2025-04-18 00:00:00,half_life_14d,generator_1,48,cat_residual,0.17231510243498271
2025-04-18 00:00:00,half_life_14d,generator_1,48,learned_mean,0.17510354390597097
2025-04-18 00:00:00,half_life_14d,generator_1,64,persistence,0.19512425484554885
2025-04-18 00:00:00,half_life_14d,generator_1,64,ema,0.19596448431317426
2025-04-18 00:00:00,half_life_14d,generator_1,64,seasonal,0.2646945251418245
2025-04-18 00:00:00,half_life_14d,generator_1,64,lgb_residual,0.2188247064109419
2025-04-18 00:00:00,half_life_14d,generator_1,64,cat_residual,0.2079526431686387
2025-04-18 00:00:00,half_life_14d,generator_1,64,learned_mean,0.21328802753105172
2025-04-18 00:00:00,half_life_14d,generator_1,72,persistence,0.19837559140232996
2025-04-18 00:00:00,half_life_14d,generator_1,72,ema,0.19800709475843484
2025-04-18 00:00:00,half_life_14d,generator_1,72,seasonal,0.24750720848273203
2025-04-18 00:00:00,half_life_14d,generator_1,72,lgb_residual,0.22608190345831447
2025-04-18 00:00:00,half_life_14d,generator_1,72,cat_residual,0.2093719094069295
2025-04-18 00:00:00,half_life_14d,generator_1,72,learned_mean,0.2174927993030206
2025-04-18 00:00:00,half_life_14d,generator_1,96,persistence,0.18854713519983002
2025-04-18 00:00:00,half_life_14d,generator_1,96,ema,0.1904902025369398
2025-04-18 00:00:00,half_life_14d,generator_1,96,seasonal,0.18854713519983002
2025-04-18 00:00:00,half_life_14d,generator_1,96,lgb_residual,0.23042880220395126
2025-04-18 00:00:00,half_life_14d,generator_1,96,cat_residual,0.23123009065937117
2025-04-18 00:00:00,half_life_14d,generator_1,96,learned_mean,0.23082944643166123
2025-04-18 00:00:00,half_life_14d,generator_all,1,persistence,0.012610410711453345
2025-04-18 00:00:00,half_life_14d,generator_all,1,ema,0.016797285434878052
2025-04-18 00:00:00,half_life_14d,generator_all,1,seasonal,0.13668283071126472
2025-04-18 00:00:00,half_life_14d,generator_all,1,lgb_residual,0.012002769664203536
2025-04-18 00:00:00,half_life_14d,generator_all,1,cat_residual,0.012090461028789926
2025-04-18 00:00:00,half_life_14d,generator_all,1,learned_mean,0.011988269003310811
2025-04-18 00:00:00,half_life_14d,generator_all,2,persistence,0.019055764592194883
2025-04-18 00:00:00,half_life_14d,generator_all,2,ema,0.022629115120149687
2025-04-18 00:00:00,half_life_14d,generator_all,2,seasonal,0.13769632604043533
2025-04-18 00:00:00,half_life_14d,generator_all,2,lgb_residual,0.017885742508751103
2025-04-18 00:00:00,half_life_14d,generator_all,2,cat_residual,0.01818132266564013
2025-04-18 00:00:00,half_life_14d,generator_all,2,learned_mean,0.018007666153693497
2025-04-18 00:00:00,half_life_14d,generator_all,3,persistence,0.023513436075871686
2025-04-18 00:00:00,half_life_14d,generator_all,3,ema,0.027401700887386637
2025-04-18 00:00:00,half_life_14d,generator_all,3,seasonal,0.1385498920520429
2025-04-18 00:00:00,half_life_14d,generator_all,3,lgb_residual,0.021415037498308764
2025-04-18 00:00:00,half_life_14d,generator_all,3,cat_residual,0.02146663951052817
2025-04-18 00:00:00,half_life_14d,generator_all,3,learned_mean,0.021393278276731043
2025-04-18 00:00:00,half_life_14d,generator_all,4,persistence,0.028157963242909385
2025-04-18 00:00:00,half_life_14d,generator_all,4,ema,0.03216532311399587
2025-04-18 00:00:00,half_life_14d,generator_all,4,seasonal,0.13943818201085725
2025-04-18 00:00:00,half_life_14d,generator_all,4,lgb_residual,0.02590415912352743
2025-04-18 00:00:00,half_life_14d,generator_all,4,cat_residual,0.026014977059034092
2025-04-18 00:00:00,half_life_14d,generator_all,4,learned_mean,0.02590256571834516
2025-04-18 00:00:00,half_life_14d,generator_all,5,persistence,0.03331955650529873
2025-04-18 00:00:00,half_life_14d,generator_all,5,ema,0.03643765040378829
2025-04-18 00:00:00,half_life_14d,generator_all,5,seasonal,0.14007491930666063
2025-04-18 00:00:00,half_life_14d,generator_all,5,lgb_residual,0.03160022472706192
2025-04-18 00:00:00,half_life_14d,generator_all,5,cat_residual,0.03166970696005524
2025-04-18 00:00:00,half_life_14d,generator_all,5,learned_mean,0.0316062839122909
2025-04-18 00:00:00,half_life_14d,generator_all,6,persistence,0.037470871292010516
2025-04-18 00:00:00,half_life_14d,generator_all,6,ema,0.04033840168095113
2025-04-18 00:00:00,half_life_14d,generator_all,6,seasonal,0.14081436595559269
2025-04-18 00:00:00,half_life_14d,generator_all,6,lgb_residual,0.03607415791032728
2025-04-18 00:00:00,half_life_14d,generator_all,6,cat_residual,0.03488127081741451
2025-04-18 00:00:00,half_life_14d,generator_all,6,learned_mean,0.03524670908406092
2025-04-18 00:00:00,half_life_14d,generator_all,7,persistence,0.041090605716917195
2025-04-18 00:00:00,half_life_14d,generator_all,7,ema,0.043966311855655305
2025-04-18 00:00:00,half_life_14d,generator_all,7,seasonal,0.14160755137078165
2025-04-18 00:00:00,half_life_14d,generator_all,7,lgb_residual,0.039428726403843845
2025-04-18 00:00:00,half_life_14d,generator_all,7,cat_residual,0.03895873093975254
2025-04-18 00:00:00,half_life_14d,generator_all,7,learned_mean,0.03905012254591899
2025-04-18 00:00:00,half_life_14d,generator_all,8,persistence,0.04463086453313329
2025-04-18 00:00:00,half_life_14d,generator_all,8,ema,0.04725330877801536
2025-04-18 00:00:00,half_life_14d,generator_all,8,seasonal,0.1426808850891005
2025-04-18 00:00:00,half_life_14d,generator_all,8,lgb_residual,0.04322890120240771
2025-04-18 00:00:00,half_life_14d,generator_all,8,cat_residual,0.04252660342645117
2025-04-18 00:00:00,half_life_14d,generator_all,8,learned_mean,0.04276148572690336
2025-04-18 00:00:00,half_life_14d,generator_all,12,persistence,0.05519852633664853
2025-04-18 00:00:00,half_life_14d,generator_all,12,ema,0.05678894515213384
2025-04-18 00:00:00,half_life_14d,generator_all,12,seasonal,0.14563696894339442
2025-04-18 00:00:00,half_life_14d,generator_all,12,lgb_residual,0.05421686122056038
2025-04-18 00:00:00,half_life_14d,generator_all,12,cat_residual,0.05819280110695944
2025-04-18 00:00:00,half_life_14d,generator_all,12,learned_mean,0.05616364272579705
2025-04-18 00:00:00,half_life_14d,generator_all,16,persistence,0.06432054145012113
2025-04-18 00:00:00,half_life_14d,generator_all,16,ema,0.06514673223345822
2025-04-18 00:00:00,half_life_14d,generator_all,16,seasonal,0.1500701654540343
2025-04-18 00:00:00,half_life_14d,generator_all,16,lgb_residual,0.06367190558182682
2025-04-18 00:00:00,half_life_14d,generator_all,16,cat_residual,0.06704913379672077
2025-04-18 00:00:00,half_life_14d,generator_all,16,learned_mean,0.06507233389703619
2025-04-18 00:00:00,half_life_14d,generator_all,24,persistence,0.07964753263336162
2025-04-18 00:00:00,half_life_14d,generator_all,24,ema,0.08178645714668557
2025-04-18 00:00:00,half_life_14d,generator_all,24,seasonal,0.1627002821902939
2025-04-18 00:00:00,half_life_14d,generator_all,24,lgb_residual,0.08239446069495092
2025-04-18 00:00:00,half_life_14d,generator_all,24,cat_residual,0.08521954605728814
2025-04-18 00:00:00,half_life_14d,generator_all,24,learned_mean,0.0835004225260123
2025-04-18 00:00:00,half_life_14d,generator_all,32,persistence,0.09613470829116366
2025-04-18 00:00:00,half_life_14d,generator_all,32,ema,0.09849757469470799
2025-04-18 00:00:00,half_life_14d,generator_all,32,seasonal,0.17685720861378276
2025-04-18 00:00:00,half_life_14d,generator_all,32,lgb_residual,0.10001281368025024
2025-04-18 00:00:00,half_life_14d,generator_all,32,cat_residual,0.10903191909403909
2025-04-18 00:00:00,half_life_14d,generator_all,32,learned_mean,0.10347721005431816
2025-04-18 00:00:00,half_life_14d,generator_all,48,persistence,0.13524256379255015
2025-04-18 00:00:00,half_life_14d,generator_all,48,ema,0.1387783071550977
2025-04-18 00:00:00,half_life_14d,generator_all,48,seasonal,0.198468698395268
2025-04-18 00:00:00,half_life_14d,generator_all,48,lgb_residual,0.13433643951308108
2025-04-18 00:00:00,half_life_14d,generator_all,48,cat_residual,0.14527533517419702
2025-04-18 00:00:00,half_life_14d,generator_all,48,learned_mean,0.13943179373191414
2025-04-18 00:00:00,half_life_14d,generator_all,64,persistence,0.17968164480900015
2025-04-18 00:00:00,half_life_14d,generator_all,64,ema,0.18300480288818788
2025-04-18 00:00:00,half_life_14d,generator_all,64,seasonal,0.2177641009549622
2025-04-18 00:00:00,half_life_14d,generator_all,64,lgb_residual,0.19558077973306523
2025-04-18 00:00:00,half_life_14d,generator_all,64,cat_residual,0.1793311754097744
2025-04-18 00:00:00,half_life_14d,generator_all,64,learned_mean,0.1874359197224287
2025-04-18 00:00:00,half_life_14d,generator_all,72,persistence,0.19974708645371997
2025-04-18 00:00:00,half_life_14d,generator_all,72,ema,0.20275134588304441
2025-04-18 00:00:00,half_life_14d,generator_all,72,seasonal,0.2250815665162679
2025-04-18 00:00:00,half_life_14d,generator_all,72,lgb_residual,0.2139788169496365
2025-04-18 00:00:00,half_life_14d,generator_all,72,cat_residual,0.21659933276893914
2025-04-18 00:00:00,half_life_14d,generator_all,72,learned_mean,0.2152782616537051
2025-04-18 00:00:00,half_life_14d,generator_all,96,persistence,0.2195812733844803
2025-04-18 00:00:00,half_life_14d,generator_all,96,ema,0.21899645664334788
2025-04-18 00:00:00,half_life_14d,generator_all,96,seasonal,0.2195812733844803
2025-04-18 00:00:00,half_life_14d,generator_all,96,lgb_residual,0.23983811127293309
2025-04-18 00:00:00,half_life_14d,generator_all,96,cat_residual,0.20990350884770392
2025-04-18 00:00:00,half_life_14d,generator_all,96,learned_mean,0.224862470571314
2025-04-27 00:00:00,half_life_14d,generator_1,1,persistence,0.03187946989139355
2025-04-27 00:00:00,half_life_14d,generator_1,1,ema,0.03548938357917129
2025-04-27 00:00:00,half_life_14d,generator_1,1,seasonal,0.09118595085051852
2025-04-27 00:00:00,half_life_14d,generator_1,1,lgb_residual,0.029778170240598176
2025-04-27 00:00:00,half_life_14d,generator_1,1,cat_residual,0.02983305185328165
2025-04-27 00:00:00,half_life_14d,generator_1,1,learned_mean,0.02980440712143815
2025-04-27 00:00:00,half_life_14d,generator_1,2,persistence,0.04070204224772903
2025-04-27 00:00:00,half_life_14d,generator_1,2,ema,0.043545101978989274
2025-04-27 00:00:00,half_life_14d,generator_1,2,seasonal,0.09097100436718321
2025-04-27 00:00:00,half_life_14d,generator_1,2,lgb_residual,0.03856049914416684
2025-04-27 00:00:00,half_life_14d,generator_1,2,cat_residual,0.03890536663300156
2025-04-27 00:00:00,half_life_14d,generator_1,2,learned_mean,0.03869077608212723
2025-04-27 00:00:00,half_life_14d,generator_1,3,persistence,0.046167887250722156
2025-04-27 00:00:00,half_life_14d,generator_1,3,ema,0.050707056777363875
2025-04-27 00:00:00,half_life_14d,generator_1,3,seasonal,0.09096661620283263
2025-04-27 00:00:00,half_life_14d,generator_1,3,lgb_residual,0.04220227613594818
2025-04-27 00:00:00,half_life_14d,generator_1,3,cat_residual,0.04247955395976945
2025-04-27 00:00:00,half_life_14d,generator_1,3,learned_mean,0.04222467858557297
2025-04-27 00:00:00,half_life_14d,generator_1,4,persistence,0.058452729094831866
2025-04-27 00:00:00,half_life_14d,generator_1,4,ema,0.05834725000504023
2025-04-27 00:00:00,half_life_14d,generator_1,4,seasonal,0.09060492266209923
2025-04-27 00:00:00,half_life_14d,generator_1,4,lgb_residual,0.052401164332701575
2025-04-27 00:00:00,half_life_14d,generator_1,4,cat_residual,0.05315759340357703
2025-04-27 00:00:00,half_life_14d,generator_1,4,learned_mean,0.052720556881654786
2025-04-27 00:00:00,half_life_14d,generator_1,5,persistence,0.0632984507676348
2025-04-27 00:00:00,half_life_14d,generator_1,5,ema,0.06345806565622567
2025-04-27 00:00:00,half_life_14d,generator_1,5,seasonal,0.091227509879865
2025-04-27 00:00:00,half_life_14d,generator_1,5,lgb_residual,0.054388047268217915
2025-04-27 00:00:00,half_life_14d,generator_1,5,cat_residual,0.05586482859079058
2025-04-27 00:00:00,half_life_14d,generator_1,5,learned_mean,0.05501716420981038
2025-04-27 00:00:00,half_life_14d,generator_1,6,persistence,0.06858457777155617
2025-04-27 00:00:00,half_life_14d,generator_1,6,ema,0.06794092402136963
2025-04-27 00:00:00,half_life_14d,generator_1,6,seasonal,0.09201416058688587
2025-04-27 00:00:00,half_life_14d,generator_1,6,lgb_residual,0.05629924651231289
2025-04-27 00:00:00,half_life_14d,generator_1,6,cat_residual,0.056258122722360374
2025-04-27 00:00:00,half_life_14d,generator_1,6,learned_mean,0.05617301990176003
2025-04-27 00:00:00,half_life_14d,generator_1,7,persistence,0.07400900770144524
2025-04-27 00:00:00,half_life_14d,generator_1,7,ema,0.07239927337315767
2025-04-27 00:00:00,half_life_14d,generator_1,7,seasonal,0.0926000171732704
2025-04-27 00:00:00,half_life_14d,generator_1,7,lgb_residual,0.057917792292761304
2025-04-27 00:00:00,half_life_14d,generator_1,7,cat_residual,0.060706880996245785
2025-04-27 00:00:00,half_life_14d,generator_1,7,learned_mean,0.05907437818830796
2025-04-27 00:00:00,half_life_14d,generator_1,8,persistence,0.07768691284199836
2025-04-27 00:00:00,half_life_14d,generator_1,8,ema,0.07624489928461105
2025-04-27 00:00:00,half_life_14d,generator_1,8,seasonal,0.0937784722035693
2025-04-27 00:00:00,half_life_14d,generator_1,8,lgb_residual,0.05998365382683165
2025-04-27 00:00:00,half_life_14d,generator_1,8,cat_residual,0.06056649695343917
2025-04-27 00:00:00,half_life_14d,generator_1,8,learned_mean,0.05976376109445519
2025-04-27 00:00:00,half_life_14d,generator_1,12,persistence,0.09342696261639444
2025-04-27 00:00:00,half_life_14d,generator_1,12,ema,0.08758262818793124
2025-04-27 00:00:00,half_life_14d,generator_1,12,seasonal,0.09921456226397109
2025-04-27 00:00:00,half_life_14d,generator_1,12,lgb_residual,0.07323679759501825
2025-04-27 00:00:00,half_life_14d,generator_1,12,cat_residual,0.07620581357852003
2025-04-27 00:00:00,half_life_14d,generator_1,12,learned_mean,0.07429212937254986
2025-04-27 00:00:00,half_life_14d,generator_1,16,persistence,0.09581910836604227
2025-04-27 00:00:00,half_life_14d,generator_1,16,ema,0.09002766300965913
2025-04-27 00:00:00,half_life_14d,generator_1,16,seasonal,0.10467098122767587
2025-04-27 00:00:00,half_life_14d,generator_1,16,lgb_residual,0.08015367647618886
2025-04-27 00:00:00,half_life_14d,generator_1,16,cat_residual,0.0787033099726882
2025-04-27 00:00:00,half_life_14d,generator_1,16,learned_mean,0.07921890643377746
2025-04-27 00:00:00,half_life_14d,generator_1,24,persistence,0.10045639712080409
2025-04-27 00:00:00,half_life_14d,generator_1,24,ema,0.09652940274636343
2025-04-27 00:00:00,half_life_14d,generator_1,24,seasonal,0.1113899148229038
2025-04-27 00:00:00,half_life_14d,generator_1,24,lgb_residual,0.0849780579835508
2025-04-27 00:00:00,half_life_14d,generator_1,24,cat_residual,0.08433711650832845
2025-04-27 00:00:00,half_life_14d,generator_1,24,learned_mean,0.08418824861847592
2025-04-27 00:00:00,half_life_14d,generator_1,32,persistence,0.11688062149052296
2025-04-27 00:00:00,half_life_14d,generator_1,32,ema,0.11390678808717315
2025-04-27 00:00:00,half_life_14d,generator_1,32,seasonal,0.12504837215637005
2025-04-27 00:00:00,half_life_14d,generator_1,32,lgb_residual,0.09790064844251031
2025-04-27 00:00:00,half_life_14d,generator_1,32,cat_residual,0.09624688159015664
2025-04-27 00:00:00,half_life_14d,generator_1,32,learned_mean,0.0967701903657854
2025-04-27 00:00:00,half_life_14d,generator_1,48,persistence,0.14812611980384371
2025-04-27 00:00:00,half_life_14d,generator_1,48,ema,0.14850739468664484
2025-04-27 00:00:00,half_life_14d,generator_1,48,seasonal,0.13007720271520573
2025-04-27 00:00:00,half_life_14d,generator_1,48,lgb_residual,0.1077169172607491
2025-04-27 00:00:00,half_life_14d,generator_1,48,cat_residual,0.12301164174655853
2025-04-27 00:00:00,half_life_14d,generator_1,48,learned_mean,0.11505808322075281
2025-04-27 00:00:00,half_life_14d,generator_1,64,persistence,0.1470447379904168
2025-04-27 00:00:00,half_life_14d,generator_1,64,ema,0.1448699064928554
2025-04-27 00:00:00,half_life_14d,generator_1,64,seasonal,0.12972202247523243
2025-04-27 00:00:00,half_life_14d,generator_1,64,lgb_residual,0.12029912089455011
2025-04-27 00:00:00,half_life_14d,generator_1,64,cat_residual,0.126850033208219
2025-04-27 00:00:00,half_life_14d,generator_1,64,learned_mean,0.123021987852727
2025-04-27 00:00:00,half_life_14d,generator_1,72,persistence,0.15036941926844472
2025-04-27 00:00:00,half_life_14d,generator_1,72,ema,0.149648216026187
2025-04-27 00:00:00,half_life_14d,generator_1,72,seasonal,0.12953363540489496
2025-04-27 00:00:00,half_life_14d,generator_1,72,lgb_residual,0.11081528644455443
2025-04-27 00:00:00,half_life_14d,generator_1,72,cat_residual,0.12426784471586926
2025-04-27 00:00:00,half_life_14d,generator_1,72,learned_mean,0.11615166156131919
2025-04-27 00:00:00,half_life_14d,generator_1,96,persistence,0.1290056062265591
2025-04-27 00:00:00,half_life_14d,generator_1,96,ema,0.12453727478655906
2025-04-27 00:00:00,half_life_14d,generator_1,96,seasonal,0.1290056062265591
2025-04-27 00:00:00,half_life_14d,generator_1,96,lgb_residual,0.10213516316898359
2025-04-27 00:00:00,half_life_14d,generator_1,96,cat_residual,0.11057114817311109
2025-04-27 00:00:00,half_life_14d,generator_1,96,learned_mean,0.10606216501835303
2025-04-27 00:00:00,half_life_14d,generator_all,1,persistence,0.016302492764797196
2025-04-27 00:00:00,half_life_14d,generator_all,1,ema,0.0231189029700563
2025-04-27 00:00:00,half_life_14d,generator_all,1,seasonal,0.09139146464044134
2025-04-27 00:00:00,half_life_14d,generator_all,1,lgb_residual,0.014794086553925827
2025-04-27 00:00:00,half_life_14d,generator_all,1,cat_residual,0.01485646184476936
2025-04-27 00:00:00,half_life_14d,generator_all,1,learned_mean,0.014747944178676453
2025-04-27 00:00:00,half_life_14d,generator_all,2,persistence,0.024861320909881784
2025-04-27 00:00:00,half_life_14d,generator_all,2,ema,0.030482680903262865
2025-04-27 00:00:00,half_life_14d,generator_all,2,seasonal,0.09154877612376798
2025-04-27 00:00:00,half_life_14d,generator_all,2,lgb_residual,0.02250550591883557
2025-04-27 00:00:00,half_life_14d,generator_all,2,cat_residual,0.02239821037283463
2025-04-27 00:00:00,half_life_14d,generator_all,2,learned_mean,0.022394629064428052
2025-04-27 00:00:00,half_life_14d,generator_all,3,persistence,0.03233965339861585
2025-04-27 00:00:00,half_life_14d,generator_all,3,ema,0.0373178639986009
2025-04-27 00:00:00,half_life_14d,generator_all,3,seasonal,0.09160255901212247
2025-04-27 00:00:00,half_life_14d,generator_all,3,lgb_residual,0.026283125760805787
2025-04-27 00:00:00,half_life_14d,generator_all,3,cat_residual,0.027545556356678907
2025-04-27 00:00:00,half_life_14d,generator_all,3,learned_mean,0.026789246396099236
2025-04-27 00:00:00,half_life_14d,generator_all,4,persistence,0.039837754291870524
2025-04-27 00:00:00,half_life_14d,generator_all,4,ema,0.043403338119099286
2025-04-27 00:00:00,half_life_14d,generator_all,4,seasonal,0.09169011525428335
2025-04-27 00:00:00,half_life_14d,generator_all,4,lgb_residual,0.03337198803530502
2025-04-27 00:00:00,half_life_14d,generator_all,4,cat_residual,0.033387245577808096
2025-04-27 00:00:00,half_life_14d,generator_all,4,learned_mean,0.033258664888059765
2025-04-27 00:00:00,half_life_14d,generator_all,5,persistence,0.045435505768685415
2025-04-27 00:00:00,half_life_14d,generator_all,5,ema,0.04887496985487292
2025-04-27 00:00:00,half_life_14d,generator_all,5,seasonal,0.09157699526709114
2025-04-27 00:00:00,half_life_14d,generator_all,5,lgb_residual,0.03600414585996967
2025-04-27 00:00:00,half_life_14d,generator_all,5,cat_residual,0.037226122954784335
2025-04-27 00:00:00,half_life_14d,generator_all,5,learned_mean,0.03629089657617072
2025-04-27 00:00:00,half_life_14d,generator_all,6,persistence,0.05140277970521936
2025-04-27 00:00:00,half_life_14d,generator_all,6,ema,0.0537559647620401
2025-04-27 00:00:00,half_life_14d,generator_all,6,seasonal,0.09140845950389735
2025-04-27 00:00:00,half_life_14d,generator_all,6,lgb_residual,0.040389816668616456
2025-04-27 00:00:00,half_life_14d,generator_all,6,cat_residual,0.041159111617770604
2025-04-27 00:00:00,half_life_14d,generator_all,6,learned_mean,0.040439853601533224
2025-04-27 00:00:00,half_life_14d,generator_all,7,persistence,0.05613369725378825
2025-04-27 00:00:00,half_life_14d,generator_all,7,ema,0.05804333260278154
2025-04-27 00:00:00,half_life_14d,generator_all,7,seasonal,0.09145464238137585
2025-04-27 00:00:00,half_life_14d,generator_all,7,lgb_residual,0.04345760008372528
2025-04-27 00:00:00,half_life_14d,generator_all,7,cat_residual,0.04468313301249891
2025-04-27 00:00:00,half_life_14d,generator_all,7,learned_mean,0.04370058141927721
2025-04-27 00:00:00,half_life_14d,generator_all,8,persistence,0.060522343702890835
2025-04-27 00:00:00,half_life_14d,generator_all,8,ema,0.061993427135383916
2025-04-27 00:00:00,half_life_14d,generator_all,8,seasonal,0.091559616473303
2025-04-27 00:00:00,half_life_14d,generator_all,8,lgb_residual,0.04844910304683383
2025-04-27 00:00:00,half_life_14d,generator_all,8,cat_residual,0.04722882910023993
2025-04-27 00:00:00,half_life_14d,generator_all,8,learned_mean,0.04741382446102602
2025-04-27 00:00:00,half_life_14d,generator_all,12,persistence,0.07375934007070198
2025-04-27 00:00:00,half_life_14d,generator_all,12,ema,0.07269916962787264
2025-04-27 00:00:00,half_life_14d,generator_all,12,seasonal,0.09201239855045679
2025-04-27 00:00:00,half_life_14d,generator_all,12,lgb_residual,0.05777594643153742
2025-04-27 00:00:00,half_life_14d,generator_all,12,cat_residual,0.061228990082573556
2025-04-27 00:00:00,half_life_14d,generator_all,12,learned_mean,0.05924112773038523
2025-04-27 00:00:00,half_life_14d,generator_all,16,persistence,0.08051351816724256
2025-04-27 00:00:00,half_life_14d,generator_all,16,ema,0.07429111348881612
2025-04-27 00:00:00,half_life_14d,generator_all,16,seasonal,0.09435156224320365
2025-04-27 00:00:00,half_life_14d,generator_all,16,lgb_residual,0.06544725537914615
2025-04-27 00:00:00,half_life_14d,generator_all,16,cat_residual,0.06787200114046245
2025-04-27 00:00:00,half_life_14d,generator_all,16,learned_mean,0.06610658344494073
2025-04-27 00:00:00,half_life_14d,generator_all,24,persistence,0.07043108765320914
2025-04-27 00:00:00,half_life_14d,generator_all,24,ema,0.0680690104934928
2025-04-27 00:00:00,half_life_14d,generator_all,24,seasonal,0.09350014214372424
2025-04-27 00:00:00,half_life_14d,generator_all,24,lgb_residual,0.06627845402835439
2025-04-27 00:00:00,half_life_14d,generator_all,24,cat_residual,0.056482410148047536
2025-04-27 00:00:00,half_life_14d,generator_all,24,learned_mean,0.060401960394181074
2025-04-27 00:00:00,half_life_14d,generator_all,32,persistence,0.09181749759464514
2025-04-27 00:00:00,half_life_14d,generator_all,32,ema,0.0924311938772803
2025-04-27 00:00:00,half_life_14d,generator_all,32,seasonal,0.11029014507848871
2025-04-27 00:00:00,half_life_14d,generator_all,32,lgb_residual,0.09046058636094284
2025-04-27 00:00:00,half_life_14d,generator_all,32,cat_residual,0.07610936786333318
2025-04-27 00:00:00,half_life_14d,generator_all,32,learned_mean,0.08201339833445166
2025-04-27 00:00:00,half_life_14d,generator_all,48,persistence,0.1448703480825939
2025-04-27 00:00:00,half_life_14d,generator_all,48,ema,0.14285483640632363
2025-04-27 00:00:00,half_life_14d,generator_all,48,seasonal,0.13418562426939326
2025-04-27 00:00:00,half_life_14d,generator_all,48,lgb_residual,0.09563476160010126
2025-04-27 00:00:00,half_life_14d,generator_all,48,cat_residual,0.10029147635514721
2025-04-27 00:00:00,half_life_14d,generator_all,48,learned_mean,0.09737990083675946
2025-04-27 00:00:00,half_life_14d,generator_all,64,persistence,0.15802998837849308
2025-04-27 00:00:00,half_life_14d,generator_all,64,ema,0.15868870568480817
2025-04-27 00:00:00,half_life_14d,generator_all,64,seasonal,0.16442500221338585
2025-04-27 00:00:00,half_life_14d,generator_all,64,lgb_residual,0.10733917590463786
2025-04-27 00:00:00,half_life_14d,generator_all,64,cat_residual,0.10450699783092855
2025-04-27 00:00:00,half_life_14d,generator_all,64,learned_mean,0.10542467404990487
2025-04-27 00:00:00,half_life_14d,generator_all,72,persistence,0.1870894284869825
2025-04-27 00:00:00,half_life_14d,generator_all,72,ema,0.1859366015270155
2025-04-27 00:00:00,half_life_14d,generator_all,72,seasonal,0.17785723163062708
2025-04-27 00:00:00,half_life_14d,generator_all,72,lgb_residual,0.11090610950284036
2025-04-27 00:00:00,half_life_14d,generator_all,72,cat_residual,0.13728653357056997
2025-04-27 00:00:00,half_life_14d,generator_all,72,learned_mean,0.12360312134168455
2025-04-27 00:00:00,half_life_14d,generator_all,96,persistence,0.20897874229663693
2025-04-27 00:00:00,half_life_14d,generator_all,96,ema,0.20770758036148534
2025-04-27 00:00:00,half_life_14d,generator_all,96,seasonal,0.20897874229663693
2025-04-27 00:00:00,half_life_14d,generator_all,96,lgb_residual,0.1708413994453089
2025-04-27 00:00:00,half_life_14d,generator_all,96,cat_residual,0.17000997129467116
2025-04-27 00:00:00,half_life_14d,generator_all,96,learned_mean,0.17007537900680605
2025-04-07 00:00:00,half_life_45d,generator_1,1,persistence,0.03310945160332308
2025-04-07 00:00:00,half_life_45d,generator_1,1,ema,0.03852700403444829
2025-04-07 00:00:00,half_life_45d,generator_1,1,seasonal,0.14565490119127134
2025-04-07 00:00:00,half_life_45d,generator_1,1,lgb_residual,0.030823773035025388
2025-04-07 00:00:00,half_life_45d,generator_1,1,cat_residual,0.031080498513736062
2025-04-07 00:00:00,half_life_45d,generator_1,1,learned_mean,0.030939961420807332
2025-04-07 00:00:00,half_life_45d,generator_1,2,persistence,0.04485340570327737
2025-04-07 00:00:00,half_life_45d,generator_1,2,ema,0.04785078715585669
2025-04-07 00:00:00,half_life_45d,generator_1,2,seasonal,0.14505465853024882
2025-04-07 00:00:00,half_life_45d,generator_1,2,lgb_residual,0.04233682608879463
2025-04-07 00:00:00,half_life_45d,generator_1,2,cat_residual,0.04347209295501522
2025-04-07 00:00:00,half_life_45d,generator_1,2,learned_mean,0.042846548132362466
2025-04-07 00:00:00,half_life_45d,generator_1,3,persistence,0.052547123524338324
2025-04-07 00:00:00,half_life_45d,generator_1,3,ema,0.055865271108729804
2025-04-07 00:00:00,half_life_45d,generator_1,3,seasonal,0.14447356638984277
2025-04-07 00:00:00,half_life_45d,generator_1,3,lgb_residual,0.051449915293705795
2025-04-07 00:00:00,half_life_45d,generator_1,3,cat_residual,0.05133992663731036
2025-04-07 00:00:00,half_life_45d,generator_1,3,learned_mean,0.05131530603290172
2025-04-07 00:00:00,half_life_45d,generator_1,4,persistence,0.05927319090905214
2025-04-07 00:00:00,half_life_45d,generator_1,4,ema,0.06280309043616315
2025-04-07 00:00:00,half_life_45d,generator_1,4,seasonal,0.14455305553451936
2025-04-07 00:00:00,half_life_45d,generator_1,4,lgb_residual,0.0567364183413176
2025-04-07 00:00:00,half_life_45d,generator_1,4,cat_residual,0.05716174211737596
2025-04-07 00:00:00,half_life_45d,generator_1,4,learned_mean,0.05684303513285451
2025-04-07 00:00:00,half_life_45d,generator_1,5,persistence,0.06716897373178321
2025-04-07 00:00:00,half_life_45d,generator_1,5,ema,0.06934985854170884
2025-04-07 00:00:00,half_life_45d,generator_1,5,seasonal,0.14420989138381987
2025-04-07 00:00:00,half_life_45d,generator_1,5,lgb_residual,0.06290199059747897
2025-04-07 00:00:00,half_life_45d,generator_1,5,cat_residual,0.06431004175993864
2025-04-07 00:00:00,half_life_45d,generator_1,5,learned_mean,0.06327983066080943
2025-04-07 00:00:00,half_life_45d,generator_1,6,persistence,0.07246045195360273
2025-04-07 00:00:00,half_life_45d,generator_1,6,ema,0.0754278184474018
2025-04-07 00:00:00,half_life_45d,generator_1,6,seasonal,0.14387871100136335
2025-04-07 00:00:00,half_life_45d,generator_1,6,lgb_residual,0.06679875097688381
2025-04-07 00:00:00,half_life_45d,generator_1,6,cat_residual,0.06627805944429893
2025-04-07 00:00:00,half_life_45d,generator_1,6,learned_mean,0.0660474541716463
2025-04-07 00:00:00,half_life_45d,generator_1,7,persistence,0.08053477884660447
2025-04-07 00:00:00,half_life_45d,generator_1,7,ema,0.08107908267571595
2025-04-07 00:00:00,half_life_45d,generator_1,7,seasonal,0.14328558023639384
2025-04-07 00:00:00,half_life_45d,generator_1,7,lgb_residual,0.07010717242812764
2025-04-07 00:00:00,half_life_45d,generator_1,7,cat_residual,0.07194065316260956
2025-04-07 00:00:00,half_life_45d,generator_1,7,learned_mean,0.07052367947608781
2025-04-07 00:00:00,half_life_45d,generator_1,8,persistence,0.08412705457590008
2025-04-07 00:00:00,half_life_45d,generator_1,8,ema,0.0855465101801152
2025-04-07 00:00:00,half_life_45d,generator_1,8,seasonal,0.1429992043606189
2025-04-07 00:00:00,half_life_45d,generator_1,8,lgb_residual,0.07716937295852283
2025-04-07 00:00:00,half_life_45d,generator_1,8,cat_residual,0.07686589229279994
2025-04-07 00:00:00,half_life_45d,generator_1,8,learned_mean,0.07628672211124536
2025-04-07 00:00:00,half_life_45d,generator_1,12,persistence,0.09887127016970972
2025-04-07 00:00:00,half_life_45d,generator_1,12,ema,0.10254910166476645
2025-04-07 00:00:00,half_life_45d,generator_1,12,seasonal,0.1444476248218951
2025-04-07 00:00:00,half_life_45d,generator_1,12,lgb_residual,0.08577423678166851
2025-04-07 00:00:00,half_life_45d,generator_1,12,cat_residual,0.08560995328377045
2025-04-07 00:00:00,half_life_45d,generator_1,12,learned_mean,0.08459259336800894
2025-04-07 00:00:00,half_life_45d,generator_1,16,persistence,0.12035358674650472
2025-04-07 00:00:00,half_life_45d,generator_1,16,ema,0.12153037788386667
2025-04-07 00:00:00,half_life_45d,generator_1,16,seasonal,0.14373544028969817
2025-04-07 00:00:00,half_life_45d,generator_1,16,lgb_residual,0.09708975653908329
2025-04-07 00:00:00,half_life_45d,generator_1,16,cat_residual,0.09675446525157223
2025-04-07 00:00:00,half_life_45d,generator_1,16,learned_mean,0.09586474982723865
2025-04-07 00:00:00,half_life_45d,generator_1,24,persistence,0.1426092353780015
2025-04-07 00:00:00,half_life_45d,generator_1,24,ema,0.14387765736028144
2025-04-07 00:00:00,half_life_45d,generator_1,24,seasonal,0.14459643537411682
2025-04-07 00:00:00,half_life_45d,generator_1,24,lgb_residual,0.10345147787237524
2025-04-07 00:00:00,half_life_45d,generator_1,24,cat_residual,0.1019576544087983
2025-04-07 00:00:00,half_life_45d,generator_1,24,learned_mean,0.09982432604460341
2025-04-07 00:00:00,half_life_45d,generator_1,32,persistence,0.1725868123043582
2025-04-07 00:00:00,half_life_45d,generator_1,32,ema,0.16988383947769992
2025-04-07 00:00:00,half_life_45d,generator_1,32,seasonal,0.14942779759172722
2025-04-07 00:00:00,half_life_45d,generator_1,32,lgb_residual,0.12000498975696698
2025-04-07 00:00:00,half_life_45d,generator_1,32,cat_residual,0.1200357629573291
2025-04-07 00:00:00,half_life_45d,generator_1,32,learned_mean,0.11946855908041605
2025-04-07 00:00:00,half_life_45d,generator_1,48,persistence,0.1802356122509107
2025-04-07 00:00:00,half_life_45d,generator_1,48,ema,0.1755939646476122
2025-04-07 00:00:00,half_life_45d,generator_1,48,seasonal,0.15258070149495628
2025-04-07 00:00:00,half_life_45d,generator_1,48,lgb_residual,0.15424729678087964
2025-04-07 00:00:00,half_life_45d,generator_1,48,cat_residual,0.1465280516887251
2025-04-07 00:00:00,half_life_45d,generator_1,48,learned_mean,0.14903326388051397
2025-04-07 00:00:00,half_life_45d,generator_1,64,persistence,0.19958586998274938
2025-04-07 00:00:00,half_life_45d,generator_1,64,ema,0.19588285807936898
2025-04-07 00:00:00,half_life_45d,generator_1,64,seasonal,0.15522641814234642
2025-04-07 00:00:00,half_life_45d,generator_1,64,lgb_residual,0.17186993774774675
2025-04-07 00:00:00,half_life_45d,generator_1,64,cat_residual,0.1425505136185424
2025-04-07 00:00:00,half_life_45d,generator_1,64,learned_mean,0.15443257060112103
2025-04-07 00:00:00,half_life_45d,generator_1,72,persistence,0.19873389876556413
2025-04-07 00:00:00,half_life_45d,generator_1,72,ema,0.19364798089186497
2025-04-07 00:00:00,half_life_45d,generator_1,72,seasonal,0.15290067752710687
2025-04-07 00:00:00,half_life_45d,generator_1,72,lgb_residual,0.1468367323625039
2025-04-07 00:00:00,half_life_45d,generator_1,72,cat_residual,0.15296659769871299
2025-04-07 00:00:00,half_life_45d,generator_1,72,learned_mean,0.14856148340948797
2025-04-07 00:00:00,half_life_45d,generator_1,96,persistence,0.14746790413566058
2025-04-07 00:00:00,half_life_45d,generator_1,96,ema,0.1413411713291617
2025-04-07 00:00:00,half_life_45d,generator_1,96,seasonal,0.14746790413566058
2025-04-07 00:00:00,half_life_45d,generator_1,96,lgb_residual,0.1664078969898851
2025-04-07 00:00:00,half_life_45d,generator_1,96,cat_residual,0.16668639691672904
2025-04-07 00:00:00,half_life_45d,generator_1,96,learned_mean,0.1653254862283291
2025-04-07 00:00:00,half_life_45d,generator_all,1,persistence,0.0230770669618922
2025-04-07 00:00:00,half_life_45d,generator_all,1,ema,0.03854594564316802
2025-04-07 00:00:00,half_life_45d,generator_all,1,seasonal,0.1344467336063281
2025-04-07 00:00:00,half_life_45d,generator_all,1,lgb_residual,0.020465904496749832
2025-04-07 00:00:00,half_life_45d,generator_all,1,cat_residual,0.020825353417721307
2025-04-07 00:00:00,half_life_45d,generator_all,1,learned_mean,0.02063096843403506
2025-04-07 00:00:00,half_life_45d,generator_all,2,persistence,0.03959906255389822
2025-04-07 00:00:00,half_life_45d,generator_all,2,ema,0.05134993124535402
2025-04-07 00:00:00,half_life_45d,generator_all,2,seasonal,0.1334260062918566
2025-04-07 00:00:00,half_life_45d,generator_all,2,lgb_residual,0.03648889399158742
2025-04-07 00:00:00,half_life_45d,generator_all,2,cat_residual,0.03665825004442834
2025-04-07 00:00:00,half_life_45d,generator_all,2,learned_mean,0.03651550946073306
2025-04-07 00:00:00,half_life_45d,generator_all,3,persistence,0.0531174393775008
2025-04-07 00:00:00,half_life_45d,generator_all,3,ema,0.06252884848561725
2025-04-07 00:00:00,half_life_45d,generator_all,3,seasonal,0.13229658220422677
2025-04-07 00:00:00,half_life_45d,generator_all,3,lgb_residual,0.04870648681089181
2025-04-07 00:00:00,half_life_45d,generator_all,3,cat_residual,0.04889894315681157
2025-04-07 00:00:00,half_life_45d,generator_all,3,learned_mean,0.04870066432813114
2025-04-07 00:00:00,half_life_45d,generator_all,4,persistence,0.06445145371913501
2025-04-07 00:00:00,half_life_45d,generator_all,4,ema,0.07177924305251861
2025-04-07 00:00:00,half_life_45d,generator_all,4,seasonal,0.13148866857051478
2025-04-07 00:00:00,half_life_45d,generator_all,4,lgb_residual,0.05906702993416486
2025-04-07 00:00:00,half_life_45d,generator_all,4,cat_residual,0.059793028897919404
2025-04-07 00:00:00,half_life_45d,generator_all,4,learned_mean,0.059284944480721545
2025-04-07 00:00:00,half_life_45d,generator_all,5,persistence,0.07475106980289567
2025-04-07 00:00:00,half_life_45d,generator_all,5,ema,0.07914659266908257
2025-04-07 00:00:00,half_life_45d,generator_all,5,seasonal,0.13091323493627258
2025-04-07 00:00:00,half_life_45d,generator_all,5,lgb_residual,0.06771889132829051
2025-04-07 00:00:00,half_life_45d,generator_all,5,cat_residual,0.06860305448453612
2025-04-07 00:00:00,half_life_45d,generator_all,5,learned_mean,0.0679144339567667
2025-04-07 00:00:00,half_life_45d,generator_all,6,persistence,0.08236674278396303
2025-04-07 00:00:00,half_life_45d,generator_all,6,ema,0.085676875387267
2025-04-07 00:00:00,half_life_45d,generator_all,6,seasonal,0.13034944076667715
2025-04-07 00:00:00,half_life_45d,generator_all,6,lgb_residual,0.07493097638896998
2025-04-07 00:00:00,half_life_45d,generator_all,6,cat_residual,0.07351294199771242
2025-04-07 00:00:00,half_life_45d,generator_all,6,learned_mean,0.07388114100137518
2025-04-07 00:00:00,half_life_45d,generator_all,7,persistence,0.0880229652324236
2025-04-07 00:00:00,half_life_45d,generator_all,7,ema,0.09021963850604121
2025-04-07 00:00:00,half_life_45d,generator_all,7,seasonal,0.1299264486239908
2025-04-07 00:00:00,half_life_45d,generator_all,7,lgb_residual,0.07367875611571688
2025-04-07 00:00:00,half_life_45d,generator_all,7,cat_residual,0.07605767443255755
2025-04-07 00:00:00,half_life_45d,generator_all,7,learned_mean,0.07438973524221243
2025-04-07 00:00:00,half_life_45d,generator_all,8,persistence,0.09265858297568723
2025-04-07 00:00:00,half_life_45d,generator_all,8,ema,0.09369901982439015
2025-04-07 00:00:00,half_life_45d,generator_all,8,seasonal,0.12986544078214632
2025-04-07 00:00:00,half_life_45d,generator_all,8,lgb_residual,0.07831925077984543
2025-04-07 00:00:00,half_life_45d,generator_all,8,cat_residual,0.07857624397445889
2025-04-07 00:00:00,half_life_45d,generator_all,8,learned_mean,0.07796526286681574
2025-04-07 00:00:00,half_life_45d,generator_all,12,persistence,0.10087447459623546
2025-04-07 00:00:00,half_life_45d,generator_all,12,ema,0.09905735146719008
2025-04-07 00:00:00,half_life_45d,generator_all,12,seasonal,0.13269629563093588
2025-04-07 00:00:00,half_life_45d,generator_all,12,lgb_residual,0.08112658118831305
2025-04-07 00:00:00,half_life_45d,generator_all,12,cat_residual,0.08244419653733433
2025-04-07 00:00:00,half_life_45d,generator_all,12,learned_mean,0.08161897115799914
2025-04-07 00:00:00,half_life_45d,generator_all,16,persistence,0.10437720785663951
2025-04-07 00:00:00,half_life_45d,generator_all,16,ema,0.10012777056122706
2025-04-07 00:00:00,half_life_45d,generator_all,16,seasonal,0.13447928362977915
2025-04-07 00:00:00,half_life_45d,generator_all,16,lgb_residual,0.08727514341700437
2025-04-07 00:00:00,half_life_45d,generator_all,16,cat_residual,0.08734876364216472
2025-04-07 00:00:00,half_life_45d,generator_all,16,learned_mean,0.08670239500126825
2025-04-07 00:00:00,half_life_45d,generator_all,24,persistence,0.10795664496293485
2025-04-07 00:00:00,half_life_45d,generator_all,24,ema,0.10642157259385798
2025-04-07 00:00:00,half_life_45d,generator_all,24,seasonal,0.13690327479416423
2025-04-07 00:00:00,half_life_45d,generator_all,24,lgb_residual,0.10093652647512923
2025-04-07 00:00:00,half_life_45d,generator_all,24,cat_residual,0.09172398152405618
2025-04-07 00:00:00,half_life_45d,generator_all,24,learned_mean,0.09580369984065229
2025-04-07 00:00:00,half_life_45d,generator_all,32,persistence,0.12604316434298765
2025-04-07 00:00:00,half_life_45d,generator_all,32,ema,0.12424642700995846
2025-04-07 00:00:00,half_life_45d,generator_all,32,seasonal,0.13792622716331138
2025-04-07 00:00:00,half_life_45d,generator_all,32,lgb_residual,0.10730556086200686
2025-04-07 00:00:00,half_life_45d,generator_all,32,cat_residual,0.10489687790263517
2025-04-07 00:00:00,half_life_45d,generator_all,32,learned_mean,0.1054363683381317
2025-04-07 00:00:00,half_life_45d,generator_all,48,persistence,0.12289579132203404
2025-04-07 00:00:00,half_life_45d,generator_all,48,ema,0.11765494722968213
2025-04-07 00:00:00,half_life_45d,generator_all,48,seasonal,0.12744467307179805
2025-04-07 00:00:00,half_life_45d,generator_all,48,lgb_residual,0.0981948785984166
2025-04-07 00:00:00,half_life_45d,generator_all,48,cat_residual,0.08940223618266692
2025-04-07 00:00:00,half_life_45d,generator_all,48,learned_mean,0.09342213217884504
2025-04-07 00:00:00,half_life_45d,generator_all,64,persistence,0.12637880744896116
2025-04-07 00:00:00,half_life_45d,generator_all,64,ema,0.12535208272803802
2025-04-07 00:00:00,half_life_45d,generator_all,64,seasonal,0.13266392647353156
2025-04-07 00:00:00,half_life_45d,generator_all,64,lgb_residual,0.09392308412331718
2025-04-07 00:00:00,half_life_45d,generator_all,64,cat_residual,0.09171937052377226
2025-04-07 00:00:00,half_life_45d,generator_all,64,learned_mean,0.09138735218688813
2025-04-07 00:00:00,half_life_45d,generator_all,72,persistence,0.13905095062723524
2025-04-07 00:00:00,half_life_45d,generator_all,72,ema,0.13632498509376326
2025-04-07 00:00:00,half_life_45d,generator_all,72,seasonal,0.13008582880941913
2025-04-07 00:00:00,half_life_45d,generator_all,72,lgb_residual,0.09768595546063892
2025-04-07 00:00:00,half_life_45d,generator_all,72,cat_residual,0.0967719131849773
2025-04-07 00:00:00,half_life_45d,generator_all,72,learned_mean,0.09681531176830926
2025-04-07 00:00:00,half_life_45d,generator_all,96,persistence,0.12060921308831896
2025-04-07 00:00:00,half_life_45d,generator_all,96,ema,0.11862583106363593
2025-04-07 00:00:00,half_life_45d,generator_all,96,seasonal,0.12060921308831896
2025-04-07 00:00:00,half_life_45d,generator_all,96,lgb_residual,0.11402519637405724
2025-04-07 00:00:00,half_life_45d,generator_all,96,cat_residual,0.1217262601099524
2025-04-07 00:00:00,half_life_45d,generator_all,96,learned_mean,0.11763899616506109
2025-04-18 00:00:00,half_life_45d,generator_1,1,persistence,0.02401580692583923
2025-04-18 00:00:00,half_life_45d,generator_1,1,ema,0.029922158802882917
2025-04-18 00:00:00,half_life_45d,generator_1,1,seasonal,0.3800885964424989
2025-04-18 00:00:00,half_life_45d,generator_1,1,lgb_residual,0.0239992329874601
2025-04-18 00:00:00,half_life_45d,generator_1,1,cat_residual,0.02405615982753656
2025-04-18 00:00:00,half_life_45d,generator_1,1,learned_mean,0.024010075987187757
2025-04-18 00:00:00,half_life_45d,generator_1,2,persistence,0.03474153368294345
2025-04-18 00:00:00,half_life_45d,generator_1,2,ema,0.03902237762462346
2025-04-18 00:00:00,half_life_45d,generator_1,2,seasonal,0.3797215604972186
2025-04-18 00:00:00,half_life_45d,generator_1,2,lgb_residual,0.03449081304118682
2025-04-18 00:00:00,half_life_45d,generator_1,2,cat_residual,0.033993668892578106
2025-04-18 00:00:00,half_life_45d,generator_1,2,learned_mean,0.03415824002987678
2025-04-18 00:00:00,half_life_45d,generator_1,3,persistence,0.040630106921016984
2025-04-18 00:00:00,half_life_45d,generator_1,3,ema,0.04658687487198052
2025-04-18 00:00:00,half_life_45d,generator_1,3,seasonal,0.3791502723644429
2025-04-18 00:00:00,half_life_45d,generator_1,3,lgb_residual,0.03964846659871011
2025-04-18 00:00:00,half_life_45d,generator_1,3,cat_residual,0.03914928821900674
2025-04-18 00:00:00,half_life_45d,generator_1,3,learned_mean,0.03929548267882242
2025-04-18 00:00:00,half_life_45d,generator_1,4,persistence,0.04814737840543265
2025-04-18 00:00:00,half_life_45d,generator_1,4,ema,0.05409663747980503
2025-04-18 00:00:00,half_life_45d,generator_1,4,seasonal,0.3784381064639615
2025-04-18 00:00:00,half_life_45d,generator_1,4,lgb_residual,0.047686909396810695
2025-04-18 00:00:00,half_life_45d,generator_1,4,cat_residual,0.047600265679493915
2025-04-18 00:00:00,half_life_45d,generator_1,4,learned_mean,0.047621916924385006
2025-04-18 00:00:00,half_life_45d,generator_1,5,persistence,0.05604040020286354
2025-04-18 00:00:00,half_life_45d,generator_1,5,ema,0.06030449450606429
2025-04-18 00:00:00,half_life_45d,generator_1,5,seasonal,0.37731780963621847
2025-04-18 00:00:00,half_life_45d,generator_1,5,lgb_residual,0.05485168291349766
2025-04-18 00:00:00,half_life_45d,generator_1,5,cat_residual,0.05550616958657916
2025-04-18 00:00:00,half_life_45d,generator_1,5,learned_mean,0.05516746212559385
2025-04-18 00:00:00,half_life_45d,generator_1,6,persistence,0.062282726111680536
2025-04-18 00:00:00,half_life_45d,generator_1,6,ema,0.06631375623144961
2025-04-18 00:00:00,half_life_45d,generator_1,6,seasonal,0.37670637397887413
2025-04-18 00:00:00,half_life_45d,generator_1,6,lgb_residual,0.0618508397477528
2025-04-18 00:00:00,half_life_45d,generator_1,6,cat_residual,0.06204429951770981
2025-04-18 00:00:00,half_life_45d,generator_1,6,learned_mean,0.06194434405036788
2025-04-18 00:00:00,half_life_45d,generator_1,7,persistence,0.06840989761921078
2025-04-18 00:00:00,half_life_45d,generator_1,7,ema,0.07200964079829568
2025-04-18 00:00:00,half_life_45d,generator_1,7,seasonal,0.3759196769200472
2025-04-18 00:00:00,half_life_45d,generator_1,7,lgb_residual,0.0685279890198516
2025-04-18 00:00:00,half_life_45d,generator_1,7,cat_residual,0.06700617003725622
2025-04-18 00:00:00,half_life_45d,generator_1,7,learned_mean,0.06769236831749599
2025-04-18 00:00:00,half_life_45d,generator_1,8,persistence,0.07312403115354368
2025-04-18 00:00:00,half_life_45d,generator_1,8,ema,0.07678053939915276
2025-04-18 00:00:00,half_life_45d,generator_1,8,seasonal,0.3754558162886501
2025-04-18 00:00:00,half_life_45d,generator_1,8,lgb_residual,0.07286698787067454
2025-04-18 00:00:00,half_life_45d,generator_1,8,cat_residual,0.07177999579586047
2025-04-18 00:00:00,half_life_45d,generator_1,8,learned_mean,0.07222446356407432
2025-04-18 00:00:00,half_life_45d,generator_1,12,persistence,0.08849010552376964
2025-04-18 00:00:00,half_life_45d,generator_1,12,ema,0.0928180305429603
2025-04-18 00:00:00,half_life_45d,generator_1,12,seasonal,0.37432315145941564
2025-04-18 00:00:00,half_life_45d,generator_1,12,lgb_residual,0.08814305410267687
2025-04-18 00:00:00,half_life_45d,generator_1,12,cat_residual,0.0853767558086626
2025-04-18 00:00:00,half_life_45d,generator_1,12,learned_mean,0.0866308521033559
2025-04-18 00:00:00,half_life_45d,generator_1,16,persistence,0.10435389430450603
2025-04-18 00:00:00,half_life_45d,generator_1,16,ema,0.10679012765296929
2025-04-18 00:00:00,half_life_45d,generator_1,16,seasonal,0.37018005643329
2025-04-18 00:00:00,half_life_45d,generator_1,16,lgb_residual,0.10450305540629172
2025-04-18 00:00:00,half_life_45d,generator_1,16,cat_residual,0.1022679863164686
2025-04-18 00:00:00,half_life_45d,generator_1,16,learned_mean,0.10334624346110566
2025-04-18 00:00:00,half_life_45d,generator_1,24,persistence,0.12457879550224
2025-04-18 00:00:00,half_life_45d,generator_1,24,ema,0.12427460222723476
2025-04-18 00:00:00,half_life_45d,generator_1,24,seasonal,0.3545178999854055
2025-04-18 00:00:00,half_life_45d,generator_1,24,lgb_residual,0.12563885010350248
2025-04-18 00:00:00,half_life_45d,generator_1,24,cat_residual,0.12458433422661656
2025-04-18 00:00:00,half_life_45d,generator_1,24,learned_mean,0.12504380235778903
2025-04-18 00:00:00,half_life_45d,generator_1,32,persistence,0.13328272860481158
2025-04-18 00:00:00,half_life_45d,generator_1,32,ema,0.1322960036871023
2025-04-18 00:00:00,half_life_45d,generator_1,32,seasonal,0.34175914956906867
2025-04-18 00:00:00,half_life_45d,generator_1,32,lgb_residual,0.1396999373724564
2025-04-18 00:00:00,half_life_45d,generator_1,32,cat_residual,0.1400295586899644
2025-04-18 00:00:00,half_life_45d,generator_1,32,learned_mean,0.13984685537194377
2025-04-18 00:00:00,half_life_45d,generator_1,48,persistence,0.1650718011430926
2025-04-18 00:00:00,half_life_45d,generator_1,48,ema,0.16726499468917713
2025-04-18 00:00:00,half_life_45d,generator_1,48,seasonal,0.3032727456641808
2025-04-18 00:00:00,half_life_45d,generator_1,48,lgb_residual,0.171391729679612
2025-04-18 00:00:00,half_life_45d,generator_1,48,cat_residual,0.17156869443736286
2025-04-18 00:00:00,half_life_45d,generator_1,48,learned_mean,0.17144368501725427
2025-04-18 00:00:00,half_life_45d,generator_1,64,persistence,0.19512425484554885
2025-04-18 00:00:00,half_life_45d,generator_1,64,ema,0.19596448431317426
2025-04-18 00:00:00,half_life_45d,generator_1,64,seasonal,0.2646945251418245
2025-04-18 00:00:00,half_life_45d,generator_1,64,lgb_residual,0.21289454506663466
2025-04-18 00:00:00,half_life_45d,generator_1,64,cat_residual,0.21277002924494218
2025-04-18 00:00:00,half_life_45d,generator_1,64,learned_mean,0.21281058157634294
2025-04-18 00:00:00,half_life_45d,generator_1,72,persistence,0.19837559140232996
2025-04-18 00:00:00,half_life_45d,generator_1,72,ema,0.19800709475843484
2025-04-18 00:00:00,half_life_45d,generator_1,72,seasonal,0.24750720848273203
2025-04-18 00:00:00,half_life_45d,generator_1,72,lgb_residual,0.227930899512927
2025-04-18 00:00:00,half_life_45d,generator_1,72,cat_residual,0.21723158489320912
2025-04-18 00:00:00,half_life_45d,generator_1,72,learned_mean,0.22254498062496295
2025-04-18 00:00:00,half_life_45d,generator_1,96,persistence,0.18854713519983002
2025-04-18 00:00:00,half_life_45d,generator_1,96,ema,0.1904902025369398
2025-04-18 00:00:00,half_life_45d,generator_1,96,seasonal,0.18854713519983002
2025-04-18 00:00:00,half_life_45d,generator_1,96,lgb_residual,0.2658564746929403
2025-04-18 00:00:00,half_life_45d,generator_1,96,cat_residual,0.23243059978059707
2025-04-18 00:00:00,half_life_45d,generator_1,96,learned_mean,0.24888082620658816
2025-04-18 00:00:00,half_life_45d,generator_all,1,persistence,0.012610410711453345
2025-04-18 00:00:00,half_life_45d,generator_all,1,ema,0.016797285434878052
2025-04-18 00:00:00,half_life_45d,generator_all,1,seasonal,0.13668283071126472
2025-04-18 00:00:00,half_life_45d,generator_all,1,lgb_residual,0.011785004613401725
2025-04-18 00:00:00,half_life_45d,generator_all,1,cat_residual,0.011971316115780941
2025-04-18 00:00:00,half_life_45d,generator_all,1,learned_mean,0.01185753944918951
2025-04-18 00:00:00,half_life_45d,generator_all,2,persistence,0.019055764592194883
2025-04-18 00:00:00,half_life_45d,generator_all,2,ema,0.022629115120149687
2025-04-18 00:00:00,half_life_45d,generator_all,2,seasonal,0.13769632604043533
2025-04-18 00:00:00,half_life_45d,generator_all,2,lgb_residual,0.017756252686139475
2025-04-18 00:00:00,half_life_45d,generator_all,2,cat_residual,0.017534743096184573
2025-04-18 00:00:00,half_life_45d,generator_all,2,learned_mean,0.017613653058641664
2025-04-18 00:00:00,half_life_45d,generator_all,3,persistence,0.023513436075871686
2025-04-18 00:00:00,half_life_45d,generator_all,3,ema,0.027401700887386637
2025-04-18 00:00:00,half_life_45d,generator_all,3,seasonal,0.1385498920520429
2025-04-18 00:00:00,half_life_45d,generator_all,3,lgb_residual,0.02159551721569605
2025-04-18 00:00:00,half_life_45d,generator_all,3,cat_residual,0.021642966147542533
2025-04-18 00:00:00,half_life_45d,generator_all,3,learned_mean,0.021573567713124835
2025-04-18 00:00:00,half_life_45d,generator_all,4,persistence,0.028157963242909385
2025-04-18 00:00:00,half_life_45d,generator_all,4,ema,0.03216532311399587
2025-04-18 00:00:00,half_life_45d,generator_all,4,seasonal,0.13943818201085725
2025-04-18 00:00:00,half_life_45d,generator_all,4,lgb_residual,0.026614520462122676
2025-04-18 00:00:00,half_life_45d,generator_all,4,cat_residual,0.026010207948656786
2025-04-18 00:00:00,half_life_45d,generator_all,4,learned_mean,0.0261431257778531
2025-04-18 00:00:00,half_life_45d,generator_all,5,persistence,0.03331955650529873
2025-04-18 00:00:00,half_life_45d,generator_all,5,ema,0.03643765040378829
2025-04-18 00:00:00,half_life_45d,generator_all,5,seasonal,0.14007491930666063
2025-04-18 00:00:00,half_life_45d,generator_all,5,lgb_residual,0.0313390288461773
2025-04-18 00:00:00,half_life_45d,generator_all,5,cat_residual,0.032549688229936764
2025-04-18 00:00:00,half_life_45d,generator_all,5,learned_mean,0.031883187203981846
2025-04-18 00:00:00,half_life_45d,generator_all,6,persistence,0.037470871292010516
2025-04-18 00:00:00,half_life_45d,generator_all,6,ema,0.04033840168095113
2025-04-18 00:00:00,half_life_45d,generator_all,6,seasonal,0.14081436595559269
2025-04-18 00:00:00,half_life_45d,generator_all,6,lgb_residual,0.03622208590796433
2025-04-18 00:00:00,half_life_45d,generator_all,6,cat_residual,0.035686820340461105
2025-04-18 00:00:00,half_life_45d,generator_all,6,learned_mean,0.035905295618310434
2025-04-18 00:00:00,half_life_45d,generator_all,7,persistence,0.041090605716917195
2025-04-18 00:00:00,half_life_45d,generator_all,7,ema,0.043966311855655305
2025-04-18 00:00:00,half_life_45d,generator_all,7,seasonal,0.14160755137078165
2025-04-18 00:00:00,half_life_45d,generator_all,7,lgb_residual,0.03908962934629096
2025-04-18 00:00:00,half_life_45d,generator_all,7,cat_residual,0.039060923331702004
2025-04-18 00:00:00,half_life_45d,generator_all,7,learned_mean,0.03889723661423695
2025-04-18 00:00:00,half_life_45d,generator_all,8,persistence,0.04463086453313329
2025-04-18 00:00:00,half_life_45d,generator_all,8,ema,0.04725330877801536
2025-04-18 00:00:00,half_life_45d,generator_all,8,seasonal,0.1426808850891005
2025-04-18 00:00:00,half_life_45d,generator_all,8,lgb_residual,0.043500633739092624
2025-04-18 00:00:00,half_life_45d,generator_all,8,cat_residual,0.04397357524682979
2025-04-18 00:00:00,half_life_45d,generator_all,8,learned_mean,0.04364803432243111
2025-04-18 00:00:00,half_life_45d,generator_all,12,persistence,0.05519852633664853
2025-04-18 00:00:00,half_life_45d,generator_all,12,ema,0.05678894515213384
2025-04-18 00:00:00,half_life_45d,generator_all,12,seasonal,0.14563696894339442
2025-04-18 00:00:00,half_life_45d,generator_all,12,lgb_residual,0.05688641463021569
2025-04-18 00:00:00,half_life_45d,generator_all,12,cat_residual,0.05450904322713529
2025-04-18 00:00:00,half_life_45d,generator_all,12,learned_mean,0.05520378788319034
2025-04-18 00:00:00,half_life_45d,generator_all,16,persistence,0.06432054145012113
2025-04-18 00:00:00,half_life_45d,generator_all,16,ema,0.06514673223345822
2025-04-18 00:00:00,half_life_45d,generator_all,16,seasonal,0.1500701654540343
2025-04-18 00:00:00,half_life_45d,generator_all,16,lgb_residual,0.06288309155844313
2025-04-18 00:00:00,half_life_45d,generator_all,16,cat_residual,0.06649705615255182
2025-04-18 00:00:00,half_life_45d,generator_all,16,learned_mean,0.06464598046966735
2025-04-18 00:00:00,half_life_45d,generator_all,24,persistence,0.07964753263336162
2025-04-18 00:00:00,half_life_45d,generator_all,24,ema,0.08178645714668557
2025-04-18 00:00:00,half_life_45d,generator_all,24,seasonal,0.1627002821902939
2025-04-18 00:00:00,half_life_45d,generator_all,24,lgb_residual,0.08110233136218757
2025-04-18 00:00:00,half_life_45d,generator_all,24,cat_residual,0.08074908420802254
2025-04-18 00:00:00,half_life_45d,generator_all,24,learned_mean,0.08043821153812535
2025-04-18 00:00:00,half_life_45d,generator_all,32,persistence,0.09613470829116366
2025-04-18 00:00:00,half_life_45d,generator_all,32,ema,0.09849757469470799
2025-04-18 00:00:00,half_life_45d,generator_all,32,seasonal,0.17685720861378276
2025-04-18 00:00:00,half_life_45d,generator_all,32,lgb_residual,0.09808016564087925
2025-04-18 00:00:00,half_life_45d,generator_all,32,cat_residual,0.10453019210534122
2025-04-18 00:00:00,half_life_45d,generator_all,32,learned_mean,0.1010086437867694
2025-04-18 00:00:00,half_life_45d,generator_all,48,persistence,0.13524256379255015
2025-04-18 00:00:00,half_life_45d,generator_all,48,ema,0.1387783071550977
2025-04-18 00:00:00,half_life_45d,generator_all,48,seasonal,0.198468698395268
2025-04-18 00:00:00,half_life_45d,generator_all,48,lgb_residual,0.15182292791035754
2025-04-18 00:00:00,half_life_45d,generator_all,48,cat_residual,0.15346812762702075
2025-04-18 00:00:00,half_life_45d,generator_all,48,learned_mean,0.15259075351814977
2025-04-18 00:00:00,half_life_45d,generator_all,64,persistence,0.17968164480900015
2025-04-18 00:00:00,half_life_45d,generator_all,64,ema,0.18300480288818788
2025-04-18 00:00:00,half_life_45d,generator_all,64,seasonal,0.2177641009549622
2025-04-18 00:00:00,half_life_45d,generator_all,64,lgb_residual,0.18070265589330659
2025-04-18 00:00:00,half_life_45d,generator_all,64,cat_residual,0.1910664926812442
2025-04-18 00:00:00,half_life_45d,generator_all,64,learned_mean,0.18588457428727537
2025-04-18 00:00:00,half_life_45d,generator_all,72,persistence,0.19974708645371997
2025-04-18 00:00:00,half_life_45d,generator_all,72,ema,0.20275134588304441
2025-04-18 00:00:00,half_life_45d,generator_all,72,seasonal,0.2250815665162679
2025-04-18 00:00:00,half_life_45d,generator_all,72,lgb_residual,0.23761242192054136
2025-04-18 00:00:00,half_life_45d,generator_all,72,cat_residual,0.2045405691658236
2025-04-18 00:00:00,half_life_45d,generator_all,72,learned_mean,0.22107649554318246
2025-04-18 00:00:00,half_life_45d,generator_all,96,persistence,0.2195812733844803
2025-04-18 00:00:00,half_life_45d,generator_all,96,ema,0.21899645664334788
2025-04-18 00:00:00,half_life_45d,generator_all,96,seasonal,0.2195812733844803
2025-04-18 00:00:00,half_life_45d,generator_all,96,lgb_residual,0.22977464224571006
2025-04-18 00:00:00,half_life_45d,generator_all,96,cat_residual,0.2162067056406344
2025-04-18 00:00:00,half_life_45d,generator_all,96,learned_mean,0.22290422635829965
2025-04-27 00:00:00,half_life_45d,generator_1,1,persistence,0.03187946989139355
2025-04-27 00:00:00,half_life_45d,generator_1,1,ema,0.03548938357917129
2025-04-27 00:00:00,half_life_45d,generator_1,1,seasonal,0.09118595085051852
2025-04-27 00:00:00,half_life_45d,generator_1,1,lgb_residual,0.030576165263591273
2025-04-27 00:00:00,half_life_45d,generator_1,1,cat_residual,0.03024251056607898
2025-04-27 00:00:00,half_life_45d,generator_1,1,learned_mean,0.030367658887438257
2025-04-27 00:00:00,half_life_45d,generator_1,2,persistence,0.04070204224772903
2025-04-27 00:00:00,half_life_45d,generator_1,2,ema,0.043545101978989274
2025-04-27 00:00:00,half_life_45d,generator_1,2,seasonal,0.09097100436718321
2025-04-27 00:00:00,half_life_45d,generator_1,2,lgb_residual,0.03924811287849257
2025-04-27 00:00:00,half_life_45d,generator_1,2,cat_residual,0.039144265894198234
2025-04-27 00:00:00,half_life_45d,generator_1,2,learned_mean,0.039179106124752144
2025-04-27 00:00:00,half_life_45d,generator_1,3,persistence,0.046167887250722156
2025-04-27 00:00:00,half_life_45d,generator_1,3,ema,0.050707056777363875
2025-04-27 00:00:00,half_life_45d,generator_1,3,seasonal,0.09096661620283263
2025-04-27 00:00:00,half_life_45d,generator_1,3,lgb_residual,0.04369182055452015
2025-04-27 00:00:00,half_life_45d,generator_1,3,cat_residual,0.044082855991536316
2025-04-27 00:00:00,half_life_45d,generator_1,3,learned_mean,0.043807511667276484
2025-04-27 00:00:00,half_life_45d,generator_1,4,persistence,0.058452729094831866
2025-04-27 00:00:00,half_life_45d,generator_1,4,ema,0.05834725000504023
2025-04-27 00:00:00,half_life_45d,generator_1,4,seasonal,0.09060492266209923
2025-04-27 00:00:00,half_life_45d,generator_1,4,lgb_residual,0.05453882791567784
2025-04-27 00:00:00,half_life_45d,generator_1,4,cat_residual,0.05526165740365962
2025-04-27 00:00:00,half_life_45d,generator_1,4,learned_mean,0.054805896670947075
2025-04-27 00:00:00,half_life_45d,generator_1,5,persistence,0.0632984507676348
2025-04-27 00:00:00,half_life_45d,generator_1,5,ema,0.06345806565622567
2025-04-27 00:00:00,half_life_45d,generator_1,5,seasonal,0.091227509879865
2025-04-27 00:00:00,half_life_45d,generator_1,5,lgb_residual,0.05870979863366048
2025-04-27 00:00:00,half_life_45d,generator_1,5,cat_residual,0.05846420374795653
2025-04-27 00:00:00,half_life_45d,generator_1,5,learned_mean,0.05853321557646202
2025-04-27 00:00:00,half_life_45d,generator_1,6,persistence,0.06858457777155617
2025-04-27 00:00:00,half_life_45d,generator_1,6,ema,0.06794092402136963
2025-04-27 00:00:00,half_life_45d,generator_1,6,seasonal,0.09201416058688587
2025-04-27 00:00:00,half_life_45d,generator_1,6,lgb_residual,0.05980785215491948
2025-04-27 00:00:00,half_life_45d,generator_1,6,cat_residual,0.06048343671025104
2025-04-27 00:00:00,half_life_45d,generator_1,6,learned_mean,0.06011422569883007
2025-04-27 00:00:00,half_life_45d,generator_1,7,persistence,0.07400900770144524
2025-04-27 00:00:00,half_life_45d,generator_1,7,ema,0.07239927337315767
2025-04-27 00:00:00,half_life_45d,generator_1,7,seasonal,0.0926000171732704
2025-04-27 00:00:00,half_life_45d,generator_1,7,lgb_residual,0.06335754764959725
2025-04-27 00:00:00,half_life_45d,generator_1,7,cat_residual,0.06336060807152616
2025-04-27 00:00:00,half_life_45d,generator_1,7,learned_mean,0.06326374393044791
2025-04-27 00:00:00,half_life_45d,generator_1,8,persistence,0.07768691284199836
2025-04-27 00:00:00,half_life_45d,generator_1,8,ema,0.07624489928461105
2025-04-27 00:00:00,half_life_45d,generator_1,8,seasonal,0.0937784722035693
2025-04-27 00:00:00,half_life_45d,generator_1,8,lgb_residual,0.06450687789439137
2025-04-27 00:00:00,half_life_45d,generator_1,8,cat_residual,0.06582457321405535
2025-04-27 00:00:00,half_life_45d,generator_1,8,learned_mean,0.06486240140429211
2025-04-27 00:00:00,half_life_45d,generator_1,12,persistence,0.09342696261639444
2025-04-27 00:00:00,half_life_45d,generator_1,12,ema,0.08758262818793124
2025-04-27 00:00:00,half_life_45d,generator_1,12,seasonal,0.09921456226397109
2025-04-27 00:00:00,half_life_45d,generator_1,12,lgb_residual,0.07916211907750689
2025-04-27 00:00:00,half_life_45d,generator_1,12,cat_residual,0.08298267367042084
2025-04-27 00:00:00,half_life_45d,generator_1,12,learned_mean,0.08088395320733062
2025-04-27 00:00:00,half_life_45d,generator_1,16,persistence,0.09581910836604227
2025-04-27 00:00:00,half_life_45d,generator_1,16,ema,0.09002766300965913
2025-04-27 00:00:00,half_life_45d,generator_1,16,seasonal,0.10467098122767587
2025-04-27 00:00:00,half_life_45d,generator_1,16,lgb_residual,0.08198194430217333
2025-04-27 00:00:00,half_life_45d,generator_1,16,cat_residual,0.08157177137092732
2025-04-27 00:00:00,half_life_45d,generator_1,16,learned_mean,0.08150535709444302
2025-04-27 00:00:00,half_life_45d,generator_1,24,persistence,0.10045639712080409
2025-04-27 00:00:00,half_life_45d,generator_1,24,ema,0.09652940274636343
2025-04-27 00:00:00,half_life_45d,generator_1,24,seasonal,0.1113899148229038
2025-04-27 00:00:00,half_life_45d,generator_1,24,lgb_residual,0.08929402285996453
2025-04-27 00:00:00,half_life_45d,generator_1,24,cat_residual,0.08790842131906595
2025-04-27 00:00:00,half_life_45d,generator_1,24,learned_mean,0.08822426095750564
2025-04-27 00:00:00,half_life_45d,generator_1,32,persistence,0.11688062149052296
2025-04-27 00:00:00,half_life_45d,generator_1,32,ema,0.11390678808717315
2025-04-27 00:00:00,half_life_45d,generator_1,32,seasonal,0.12504837215637005
2025-04-27 00:00:00,half_life_45d,generator_1,32,lgb_residual,0.09589876497948256
2025-04-27 00:00:00,half_life_45d,generator_1,32,cat_residual,0.10050262362442347
2025-04-27 00:00:00,half_life_45d,generator_1,32,learned_mean,0.09769284571911463
2025-04-27 00:00:00,half_life_45d,generator_1,48,persistence,0.14812611980384371
2025-04-27 00:00:00,half_life_45d,generator_1,48,ema,0.14850739468664484
2025-04-27 00:00:00,half_life_45d,generator_1,48,seasonal,0.13007720271520573
2025-04-27 00:00:00,half_life_45d,generator_1,48,lgb_residual,0.12137203144898308
2025-04-27 00:00:00,half_life_45d,generator_1,48,cat_residual,0.1347590528591632
2025-04-27 00:00:00,half_life_45d,generator_1,48,learned_mean,0.12784321834828816
2025-04-27 00:00:00,half_life_45d,generator_1,64,persistence,0.1470447379904168
2025-04-27 00:00:00,half_life_45d,generator_1,64,ema,0.1448699064928554
2025-04-27 00:00:00,half_life_45d,generator_1,64,seasonal,0.12972202247523243
2025-04-27 00:00:00,half_life_45d,generator_1,64,lgb_residual,0.12574243954989403
2025-04-27 00:00:00,half_life_45d,generator_1,64,cat_residual,0.134554303028868
2025-04-27 00:00:00,half_life_45d,generator_1,64,learned_mean,0.12948202620541688
2025-04-27 00:00:00,half_life_45d,generator_1,72,persistence,0.15036941926844472
2025-04-27 00:00:00,half_life_45d,generator_1,72,ema,0.149648216026187
2025-04-27 00:00:00,half_life_45d,generator_1,72,seasonal,0.12953363540489496
2025-04-27 00:00:00,half_life_45d,generator_1,72,lgb_residual,0.12602118634404028
2025-04-27 00:00:00,half_life_45d,generator_1,72,cat_residual,0.129561482074866
2025-04-27 00:00:00,half_life_45d,generator_1,72,learned_mean,0.12725805122378928
2025-04-27 00:00:00,half_life_45d,generator_1,96,persistence,0.1290056062265591
2025-04-27 00:00:00,half_life_45d,generator_1,96,ema,0.12453727478655906
2025-04-27 00:00:00,half_life_45d,generator_1,96,seasonal,0.1290056062265591
2025-04-27 00:00:00,half_life_45d,generator_1,96,lgb_residual,0.11093078417320665
2025-04-27 00:00:00,half_life_45d,generator_1,96,cat_residual,0.11640593754599093
2025-04-27 00:00:00,half_life_45d,generator_1,96,learned_mean,0.11206784358206445
2025-04-27 00:00:00,half_life_45d,generator_all,1,persistence,0.016302492764797196
2025-04-27 00:00:00,half_life_45d,generator_all,1,ema,0.0231189029700563
2025-04-27 00:00:00,half_life_45d,generator_all,1,seasonal,0.09139146464044134
2025-04-27 00:00:00,half_life_45d,generator_all,1,lgb_residual,0.014606890463105397
2025-04-27 00:00:00,half_life_45d,generator_all,1,cat_residual,0.01490466726900585
2025-04-27 00:00:00,half_life_45d,generator_all,1,learned_mean,0.014716945506515769
2025-04-27 00:00:00,half_life_45d,generator_all,2,persistence,0.024861320909881784
2025-04-27 00:00:00,half_life_45d,generator_all,2,ema,0.030482680903262865
2025-04-27 00:00:00,half_life_45d,generator_all,2,seasonal,0.09154877612376798
2025-04-27 00:00:00,half_life_45d,generator_all,2,lgb_residual,0.022060591473709073
2025-04-27 00:00:00,half_life_45d,generator_all,2,cat_residual,0.02287426191646917
2025-04-27 00:00:00,half_life_45d,generator_all,2,learned_mean,0.022436091927228466
2025-04-27 00:00:00,half_life_45d,generator_all,3,persistence,0.03233965339861585
2025-04-27 00:00:00,half_life_45d,generator_all,3,ema,0.0373178639986009
2025-04-27 00:00:00,half_life_45d,generator_all,3,seasonal,0.09160255901212247
2025-04-27 00:00:00,half_life_45d,generator_all,3,lgb_residual,0.02703469954323817
2025-04-27 00:00:00,half_life_45d,generator_all,3,cat_residual,0.028072876024839915
2025-04-27 00:00:00,half_life_45d,generator_all,3,learned_mean,0.027412386646907448
2025-04-27 00:00:00,half_life_45d,generator_all,4,persistence,0.039837754291870524
2025-04-27 00:00:00,half_life_45d,generator_all,4,ema,0.043403338119099286
2025-04-27 00:00:00,half_life_45d,generator_all,4,seasonal,0.09169011525428335
2025-04-27 00:00:00,half_life_45d,generator_all,4,lgb_residual,0.03377432327119135
2025-04-27 00:00:00,half_life_45d,generator_all,4,cat_residual,0.034230513144662536
2025-04-27 00:00:00,half_life_45d,generator_all,4,learned_mean,0.03393741052571519
2025-04-27 00:00:00,half_life_45d,generator_all,5,persistence,0.045435505768685415
2025-04-27 00:00:00,half_life_45d,generator_all,5,ema,0.04887496985487292
2025-04-27 00:00:00,half_life_45d,generator_all,5,seasonal,0.09157699526709114
2025-04-27 00:00:00,half_life_45d,generator_all,5,lgb_residual,0.036546783525335025
2025-04-27 00:00:00,half_life_45d,generator_all,5,cat_residual,0.03728817310074523
2025-04-27 00:00:00,half_life_45d,generator_all,5,learned_mean,0.03675320093073405
2025-04-27 00:00:00,half_life_45d,generator_all,6,persistence,0.05140277970521936
2025-04-27 00:00:00,half_life_45d,generator_all,6,ema,0.0537559647620401
2025-04-27 00:00:00,half_life_45d,generator_all,6,seasonal,0.09140845950389735
2025-04-27 00:00:00,half_life_45d,generator_all,6,lgb_residual,0.040266534026698324
2025-04-27 00:00:00,half_life_45d,generator_all,6,cat_residual,0.041379045965873995
2025-04-27 00:00:00,half_life_45d,generator_all,6,learned_mean,0.04062726000860324
2025-04-27 00:00:00,half_life_45d,generator_all,7,persistence,0.05613369725378825
2025-04-27 00:00:00,half_life_45d,generator_all,7,ema,0.05804333260278154
2025-04-27 00:00:00,half_life_45d,generator_all,7,seasonal,0.09145464238137585
2025-04-27 00:00:00,half_life_45d,generator_all,7,lgb_residual,0.044815323575541764
2025-04-27 00:00:00,half_life_45d,generator_all,7,cat_residual,0.046668181897335424
2025-04-27 00:00:00,half_life_45d,generator_all,7,learned_mean,0.04557975159193474
2025-04-27 00:00:00,half_life_45d,generator_all,8,persistence,0.060522343702890835
2025-04-27 00:00:00,half_life_45d,generator_all,8,ema,0.061993427135383916
2025-04-27 00:00:00,half_life_45d,generator_all,8,seasonal,0.091559616473303
2025-04-27 00:00:00,half_life_45d,generator_all,8,lgb_residual,0.04688411545300903
2025-04-27 00:00:00,half_life_45d,generator_all,8,cat_residual,0.0474455531117574
2025-04-27 00:00:00,half_life_45d,generator_all,8,learned_mean,0.04695795652342144
2025-04-27 00:00:00,half_life_45d,generator_all,12,persistence,0.07375934007070198
2025-04-27 00:00:00,half_life_45d,generator_all,12,ema,0.07269916962787264
2025-04-27 00:00:00,half_life_45d,generator_all,12,seasonal,0.09201239855045679
2025-04-27 00:00:00,half_life_45d,generator_all,12,lgb_residual,0.06005414541809957
2025-04-27 00:00:00,half_life_45d,generator_all,12,cat_residual,0.06006220553832641
2025-04-27 00:00:00,half_life_45d,generator_all,12,learned_mean,0.059830402616699835
2025-04-27 00:00:00,half_life_45d,generator_all,16,persistence,0.08051351816724256
2025-04-27 00:00:00,half_life_45d,generator_all,16,ema,0.07429111348881612
2025-04-27 00:00:00,half_life_45d,generator_all,16,seasonal,0.09435156224320365
2025-04-27 00:00:00,half_life_45d,generator_all,16,lgb_residual,0.060787228658152774
2025-04-27 00:00:00,half_life_45d,generator_all,16,cat_residual,0.06526333384820072
2025-04-27 00:00:00,half_life_45d,generator_all,16,learned_mean,0.06279537896716358
2025-04-27 00:00:00,half_life_45d,generator_all,24,persistence,0.07043108765320914
2025-04-27 00:00:00,half_life_45d,generator_all,24,ema,0.0680690104934928
2025-04-27 00:00:00,half_life_45d,generator_all,24,seasonal,0.09350014214372424
2025-04-27 00:00:00,half_life_45d,generator_all,24,lgb_residual,0.06151013239128887
2025-04-27 00:00:00,half_life_45d,generator_all,24,cat_residual,0.056944844202136864
2025-04-27 00:00:00,half_life_45d,generator_all,24,learned_mean,0.05783202467875018
2025-04-27 00:00:00,half_life_45d,generator_all,32,persistence,0.09181749759464514
2025-04-27 00:00:00,half_life_45d,generator_all,32,ema,0.0924311938772803
2025-04-27 00:00:00,half_life_45d,generator_all,32,seasonal,0.11029014507848871
2025-04-27 00:00:00,half_life_45d,generator_all,32,lgb_residual,0.07915966268269566
2025-04-27 00:00:00,half_life_45d,generator_all,32,cat_residual,0.08107015448744176
2025-04-27 00:00:00,half_life_45d,generator_all,32,learned_mean,0.07881139002912838
2025-04-27 00:00:00,half_life_45d,generator_all,48,persistence,0.1448703480825939
2025-04-27 00:00:00,half_life_45d,generator_all,48,ema,0.14285483640632363
2025-04-27 00:00:00,half_life_45d,generator_all,48,seasonal,0.13418562426939326
2025-04-27 00:00:00,half_life_45d,generator_all,48,lgb_residual,0.0927076786224543
2025-04-27 00:00:00,half_life_45d,generator_all,48,cat_residual,0.1047335320208438
2025-04-27 00:00:00,half_life_45d,generator_all,48,learned_mean,0.09778278672002794
2025-04-27 00:00:00,half_life_45d,generator_all,64,persistence,0.15802998837849308
2025-04-27 00:00:00,half_life_45d,generator_all,64,ema,0.15868870568480817
2025-04-27 00:00:00,half_life_45d,generator_all,64,seasonal,0.16442500221338585
2025-04-27 00:00:00,half_life_45d,generator_all,64,lgb_residual,0.09860673791683179
2025-04-27 00:00:00,half_life_45d,generator_all,64,cat_residual,0.10834454333782431
2025-04-27 00:00:00,half_life_45d,generator_all,64,learned_mean,0.1023291692360682
2025-04-27 00:00:00,half_life_45d,generator_all,72,persistence,0.1870894284869825
2025-04-27 00:00:00,half_life_45d,generator_all,72,ema,0.1859366015270155
2025-04-27 00:00:00,half_life_45d,generator_all,72,seasonal,0.17785723163062708
2025-04-27 00:00:00,half_life_45d,generator_all,72,lgb_residual,0.12200609120305407
2025-04-27 00:00:00,half_life_45d,generator_all,72,cat_residual,0.1479159179946712
2025-04-27 00:00:00,half_life_45d,generator_all,72,learned_mean,0.1329294444831853
2025-04-27 00:00:00,half_life_45d,generator_all,96,persistence,0.20897874229663693
2025-04-27 00:00:00,half_life_45d,generator_all,96,ema,0.20770758036148534
2025-04-27 00:00:00,half_life_45d,generator_all,96,seasonal,0.20897874229663693
2025-04-27 00:00:00,half_life_45d,generator_all,96,lgb_residual,0.17904612884393212
2025-04-27 00:00:00,half_life_45d,generator_all,96,cat_residual,0.18719751049205235
2025-04-27 00:00:00,half_life_45d,generator_all,96,learned_mean,0.18305989282510027
