cutoff,candidate,period,target,model,mape
2025-04-07 00:00:00,half_life_14d,long_sampled,generator_1,cat_residual,0.12841317640802677
2025-04-07 00:00:00,half_life_14d,long_sampled,generator_1,ema,0.1555383689168278
2025-04-07 00:00:00,half_life_14d,long_sampled,generator_1,learned_mean,0.12511355274754157
2025-04-07 00:00:00,half_life_14d,long_sampled,generator_1,lgb_residual,0.124142557081413
2025-04-07 00:00:00,half_life_14d,long_sampled,generator_1,persistence,0.15755552371668236
2025-04-07 00:00:00,half_life_14d,long_sampled,generator_1,seasonal,0.14879787492218843
2025-04-07 00:00:00,half_life_14d,long_sampled,generator_all,cat_residual,0.10001122682593527
2025-04-07 00:00:00,half_life_14d,long_sampled,generator_all,ema,0.11597637096841912
2025-04-07 00:00:00,half_life_14d,long_sampled,generator_all,learned_mean,0.09855771454007742
2025-04-07 00:00:00,half_life_14d,long_sampled,generator_all,lgb_residual,0.09911311608547875
2025-04-07 00:00:00,half_life_14d,long_sampled,generator_all,persistence,0.11852328178066836
2025-04-07 00:00:00,half_life_14d,long_sampled,generator_all,seasonal,0.1316010903326573
2025-04-07 00:00:00,half_life_14d,short,generator_1,cat_residual,0.05775855275649889
2025-04-07 00:00:00,half_life_14d,short,generator_1,ema,0.06455617782251746
2025-04-07 00:00:00,half_life_14d,short,generator_1,learned_mean,0.05692764738681451
2025-04-07 00:00:00,half_life_14d,short,generator_1,lgb_residual,0.05660303875400131
2025-04-07 00:00:00,half_life_14d,short,generator_1,persistence,0.06175930385598517
2025-04-07 00:00:00,half_life_14d,short,generator_1,seasonal,0.14426369607850978
2025-04-07 00:00:00,half_life_14d,short,generator_all,cat_residual,0.057865170520680145
2025-04-07 00:00:00,half_life_14d,short,generator_all,ema,0.07161826185167985
2025-04-07 00:00:00,half_life_14d,short,generator_all,learned_mean,0.05758396622514597
2025-04-07 00:00:00,half_life_14d,short,generator_all,lgb_residual,0.05785280723408395
2025-04-07 00:00:00,half_life_14d,short,generator_all,persistence,0.06475554792592447
2025-04-07 00:00:00,half_life_14d,short,generator_all,seasonal,0.13158906947275165
2025-04-07 00:00:00,half_life_45d,long_sampled,generator_1,cat_residual,0.12663617447802245
2025-04-07 00:00:00,half_life_45d,long_sampled,generator_1,ema,0.1555383689168278
2025-04-07 00:00:00,half_life_45d,long_sampled,generator_1,learned_mean,0.12713787905496488
2025-04-07 00:00:00,half_life_45d,long_sampled,generator_1,lgb_residual,0.13071029060388867
2025-04-07 00:00:00,half_life_45d,long_sampled,generator_1,persistence,0.15755552371668236
2025-04-07 00:00:00,half_life_45d,long_sampled,generator_1,seasonal,0.14879787492218843
2025-04-07 00:00:00,half_life_45d,long_sampled,generator_all,cat_residual,0.0957541999509449
2025-04-07 00:00:00,half_life_45d,long_sampled,generator_all,ema,0.11597637096841912
2025-04-07 00:00:00,half_life_45d,long_sampled,generator_all,learned_mean,0.09610315332964436
2025-04-07 00:00:00,half_life_45d,long_sampled,generator_all,lgb_residual,0.09755911581236043
2025-04-07 00:00:00,half_life_45d,long_sampled,generator_all,persistence,0.11852328178066836
2025-04-07 00:00:00,half_life_45d,long_sampled,generator_all,seasonal,0.1316010903326573
2025-04-07 00:00:00,half_life_45d,short,generator_1,cat_residual,0.05780611336038558
2025-04-07 00:00:00,half_life_45d,short,generator_1,ema,0.06455617782251746
2025-04-07 00:00:00,half_life_45d,short,generator_1,learned_mean,0.05726031714233937
2025-04-07 00:00:00,half_life_45d,short,generator_1,lgb_residual,0.05729052746498209
2025-04-07 00:00:00,half_life_45d,short,generator_1,persistence,0.06175930385598517
2025-04-07 00:00:00,half_life_45d,short,generator_1,seasonal,0.14426369607850978
2025-04-07 00:00:00,half_life_45d,short,generator_all,cat_residual,0.0578656863007682
2025-04-07 00:00:00,half_life_45d,short,generator_all,ema,0.07161826185167985
2025-04-07 00:00:00,half_life_45d,short,generator_all,learned_mean,0.05741033247134886
2025-04-07 00:00:00,half_life_45d,short,generator_all,lgb_residual,0.05742202373077709
2025-04-07 00:00:00,half_life_45d,short,generator_all,persistence,0.06475554792592447
2025-04-07 00:00:00,half_life_45d,short,generator_all,seasonal,0.13158906947275165
2025-04-18 00:00:00,half_life_14d,long_sampled,generator_1,cat_residual,0.15978646114647185
2025-04-18 00:00:00,half_life_14d,long_sampled,generator_1,ema,0.15098819255099907
2025-04-18 00:00:00,half_life_14d,long_sampled,generator_1,learned_mean,0.16141464732527924
2025-04-18 00:00:00,half_life_14d,long_sampled,generator_1,lgb_residual,0.1631919152902888
2025-04-18 00:00:00,half_life_14d,long_sampled,generator_1,persistence,0.1497280383157661
2025-04-18 00:00:00,half_life_14d,long_sampled,generator_1,seasonal,0.3056002339919684
2025-04-18 00:00:00,half_life_14d,long_sampled,generator_all,cat_residual,0.13382534403195273
2025-04-18 00:00:00,half_life_14d,long_sampled,generator_all,ema,0.13071882772458293
2025-04-18 00:00:00,half_life_14d,long_sampled,generator_all,learned_mean,0.1344027568603157
2025-04-18 00:00:00,half_life_14d,long_sampled,generator_all,lgb_residual,0.13550377358078802
2025-04-18 00:00:00,half_life_14d,long_sampled,generator_all,persistence,0.1286942346438807
2025-04-18 00:00:00,half_life_14d,long_sampled,generator_all,seasonal,0.18702003305656048
2025-04-18 00:00:00,half_life_14d,short,generator_1,cat_residual,0.050126405663438595
2025-04-18 00:00:00,half_life_14d,short,generator_1,ema,0.05562955996428179
2025-04-18 00:00:00,half_life_14d,short,generator_1,learned_mean,0.05012202187331404
2025-04-18 00:00:00,half_life_14d,short,generator_1,lgb_residual,0.05020295357482031
2025-04-18 00:00:00,half_life_14d,short,generator_1,persistence,0.05092398512781636
2025-04-18 00:00:00,half_life_14d,short,generator_1,seasonal,0.377849776573989
2025-04-18 00:00:00,half_life_14d,short,generator_all,cat_residual,0.02822371405095822
2025-04-18 00:00:00,half_life_14d,short,generator_all,ema,0.03337363715935254
2025-04-18 00:00:00,half_life_14d,short,generator_all,learned_mean,0.028244547552656835
2025-04-18 00:00:00,half_life_14d,short,generator_all,lgb_residual,0.02844246487980395
2025-04-18 00:00:00,half_life_14d,short,generator_all,persistence,0.029981184083723626
2025-04-18 00:00:00,half_life_14d,short,generator_all,seasonal,0.13969311906709198
2025-04-18 00:00:00,half_life_45d,long_sampled,generator_1,cat_residual,0.16078244292472793
2025-04-18 00:00:00,half_life_45d,long_sampled,generator_1,ema,0.15098819255099907
2025-04-18 00:00:00,half_life_45d,long_sampled,generator_1,learned_mean,0.16381847833991783
2025-04-18 00:00:00,half_life_45d,long_sampled,generator_1,lgb_residual,0.16700731824213016
2025-04-18 00:00:00,half_life_45d,long_sampled,generator_1,persistence,0.1497280383157661
2025-04-18 00:00:00,half_life_45d,long_sampled,generator_1,seasonal,0.3056002339919684
2025-04-18 00:00:00,half_life_45d,long_sampled,generator_all,cat_residual,0.13394590885097174
2025-04-18 00:00:00,half_life_45d,long_sampled,generator_all,ema,0.13071882772458293
2025-04-18 00:00:00,half_life_45d,long_sampled,generator_all,learned_mean,0.13546908417308245
2025-04-18 00:00:00,half_life_45d,long_sampled,generator_all,lgb_residual,0.13735808139520514
2025-04-18 00:00:00,half_life_45d,long_sampled,generator_all,persistence,0.1286942346438807
2025-04-18 00:00:00,half_life_45d,long_sampled,generator_all,seasonal,0.18702003305656048
2025-04-18 00:00:00,half_life_45d,short,generator_1,cat_residual,0.05014200219450263
2025-04-18 00:00:00,half_life_45d,short,generator_1,ema,0.05562955996428179
2025-04-18 00:00:00,half_life_45d,short,generator_1,learned_mean,0.0502642942097255
2025-04-18 00:00:00,half_life_45d,short,generator_1,lgb_residual,0.05049036519699304
2025-04-18 00:00:00,half_life_45d,short,generator_1,persistence,0.05092398512781636
2025-04-18 00:00:00,half_life_45d,short,generator_1,seasonal,0.377849776573989
2025-04-18 00:00:00,half_life_45d,short,generator_all,cat_residual,0.02855378005713681
2025-04-18 00:00:00,half_life_45d,short,generator_all,ema,0.03337363715935254
2025-04-18 00:00:00,half_life_45d,short,generator_all,learned_mean,0.028440204969721182
2025-04-18 00:00:00,half_life_45d,short,generator_all,lgb_residual,0.028487834102110643
2025-04-18 00:00:00,half_life_45d,short,generator_all,persistence,0.029981184083723626
2025-04-18 00:00:00,half_life_45d,short,generator_all,seasonal,0.13969311906709198
2025-04-27 00:00:00,half_life_14d,long_sampled,generator_1,cat_residual,0.1025242236866814
2025-04-27 00:00:00,half_life_14d,long_sampled,generator_1,ema,0.11945115925292166
2025-04-27 00:00:00,half_life_14d,long_sampled,generator_1,learned_mean,0.09934542155546758
2025-04-27 00:00:00,half_life_14d,long_sampled,generator_1,lgb_residual,0.09715445853326318
2025-04-27 00:00:00,half_life_14d,long_sampled,generator_1,persistence,0.12264112161037852
2025-04-27 00:00:00,half_life_14d,long_sampled,generator_1,seasonal,0.11983278716160163
2025-04-27 00:00:00,half_life_14d,long_sampled,generator_all,cat_residual,0.0967234685357167
2025-04-27 00:00:00,half_life_14d,long_sampled,generator_all,ema,0.1253347764333868
2025-04-27 00:00:00,half_life_14d,long_sampled,generator_all,learned_mean,0.0955307681423892
2025-04-27 00:00:00,half_life_14d,long_sampled,generator_all,lgb_residual,0.09558546108160865
2025-04-27 00:00:00,half_life_14d,long_sampled,generator_all,persistence,0.12693624384131316
2025-04-27 00:00:00,half_life_14d,long_sampled,generator_all,seasonal,0.13445010605323957
2025-04-27 00:00:00,half_life_14d,short,generator_1,cat_residual,0.0497214868890582
2025-04-27 00:00:00,half_life_14d,short,generator_1,ema,0.05851649433449108
2025-04-27 00:00:00,half_life_14d,short,generator_1,learned_mean,0.04918359275814084
2025-04-27 00:00:00,half_life_14d,short,generator_1,lgb_residual,0.048941356219192315
2025-04-27 00:00:00,half_life_14d,short,generator_1,persistence,0.0575976346959139
2025-04-27 00:00:00,half_life_14d,short,generator_1,seasonal,0.09166858174077802
2025-04-27 00:00:00,half_life_14d,short,generator_all,cat_residual,0.033560583854673094
2025-04-27 00:00:00,half_life_14d,short,generator_all,ema,0.04462381004326223
2025-04-27 00:00:00,half_life_14d,short,generator_all,learned_mean,0.033129455073158835
2025-04-27 00:00:00,half_life_14d,short,generator_all,lgb_residual,0.03315692149100218
2025-04-27 00:00:00,half_life_14d,short,generator_all,persistence,0.04085444347446865
2025-04-27 00:00:00,half_life_14d,short,generator_all,seasonal,0.09152907858203531
2025-04-27 00:00:00,half_life_45d,long_sampled,generator_1,cat_residual,0.10853078318671572
2025-04-27 00:00:00,half_life_45d,long_sampled,generator_1,ema,0.11945115925292166
2025-04-27 00:00:00,half_life_45d,long_sampled,generator_1,learned_mean,0.10561969454224408
2025-04-27 00:00:00,half_life_45d,long_sampled,generator_1,lgb_residual,0.10380041159190642
2025-04-27 00:00:00,half_life_45d,long_sampled,generator_1,persistence,0.12264112161037852
2025-04-27 00:00:00,half_life_45d,long_sampled,generator_1,seasonal,0.11983278716160163
2025-04-27 00:00:00,half_life_45d,long_sampled,generator_all,cat_residual,0.10144150524018718
2025-04-27 00:00:00,half_life_45d,long_sampled,generator_all,ema,0.1253347764333868
2025-04-27 00:00:00,half_life_45d,long_sampled,generator_all,learned_mean,0.09692131119451547
2025-04-27 00:00:00,half_life_45d,long_sampled,generator_all,lgb_residual,0.09423472571706365
2025-04-27 00:00:00,half_life_45d,long_sampled,generator_all,persistence,0.12693624384131316
2025-04-27 00:00:00,half_life_45d,long_sampled,generator_all,seasonal,0.13445010605323957
2025-04-27 00:00:00,half_life_45d,short,generator_1,cat_residual,0.05210801394990778
2025-04-27 00:00:00,half_life_45d,short,generator_1,ema,0.05851649433449108
2025-04-27 00:00:00,half_life_45d,short,generator_1,learned_mean,0.05186671999505576
2025-04-27 00:00:00,half_life_45d,short,generator_1,lgb_residual,0.0518046253681063
2025-04-27 00:00:00,half_life_45d,short,generator_1,persistence,0.0575976346959139
2025-04-27 00:00:00,half_life_45d,short,generator_1,seasonal,0.09166858174077802
2025-04-27 00:00:00,half_life_45d,short,generator_all,cat_residual,0.03410790905383619
2025-04-27 00:00:00,half_life_45d,short,generator_all,ema,0.04462381004326223
2025-04-27 00:00:00,half_life_45d,short,generator_all,learned_mean,0.033552625457632546
2025-04-27 00:00:00,half_life_45d,short,generator_all,lgb_residual,0.03324865766647852
2025-04-27 00:00:00,half_life_45d,short,generator_all,persistence,0.04085444347446865
2025-04-27 00:00:00,half_life_45d,short,generator_all,seasonal,0.09152907858203531
