datetime,generator_1_t+15_pred,generator_1_t+30_pred,generator_1_t+45_pred,generator_1_t+60_pred,generator_1_t+75_pred,generator_1_t+90_pred,generator_1_t+105_pred,generator_1_t+120_pred,generator_all_t+15_pred,generator_all_t+30_pred,generator_all_t+45_pred,generator_all_t+60_pred,generator_all_t+75_pred,generator_all_t+90_pred,generator_all_t+105_pred,generator_all_t+120_pred
2025-05-01 00:00:00,103.36492590965503,103.303276,103.80914904991543,103.63094999999998,104.568109024392,105.95909503008437,106.49126685450528,103.94372271431261,314.85600523204221,315.33354470106514,317.12187234552522,317.30129216435898,321.28756940654358,317.08168728865365,320.34169528032191,319.80841876608793
2025-05-01 00:15:00,103.38036252921475,103.62787269837477,104.10713336483536,104.25926918802689,104.82316976455988,105.95214066725336,105.68718184666277,103.49438452692159,319.07195780054974,319.96362000000005,321.85225916498206,321.83210000000003,323.45989473443365,321.95775862166596,323.25640895034502,322.52261559181591
2025-05-01 00:30:00,103.85589134416912,104.51013034252856,104.84864671583246,105.3075808346362,106.16082214142297,106.90395384020317,106.26958789971815,104.48224990371736,320.63378265236315,320.79966194837965,323.12737117854476,323.27804010680222,325.87035746595137,324.88336332449421,323.67044536361323,324.55474609469047
2025-05-01 00:45:00,103.49510068857629,104.2328142379198,104.68936031066926,104.92973086285873,105.59116526943765,106.27979147419043,106.07898147844178,104.16610986018712,321.12952782644282,321.83210000000014,322.52450937507064,322.59692237899378,326.26785439117816,321.01908961028545,322.57496337100355,323.917386134092
2025-05-01 01:00:00,104.22092400000002,104.78702775865675,105.46720021202749,105.59070547053805,106.23832023057349,107.08521335573575,106.52312178024287,104.77453278675883,321.55522128898849,322.21704449480552,322.5227500022682,322.98984856371203,324.5219979105799,320.77475102429133,321.9562166297851,323.86266736414677
2025-05-01 01:15:00,104.64706534621619,105.67514201913403,106.5886660714728,105.76658737523834,106.64137681735971,107.31156788128288,106.79076120271351,104.83365220434658,324.18230410103729,325.15498265273231,325.84835224069877,326.00584352013385,324.42739803574045,320.57498830260073,323.11569862135053,321.78279307906439
2025-05-01 01:30:00,111.48505956027823,109.77316012975071,110.71284215023923,108.0724306390857,109.65854844179387,110.29834030685826,109.0338856717583,107.05960468379777,343.30623149454215,343.04838046643715,342.78286268415263,343.06126590659744,338.88097895455411,336.59683000000012,338.52634077221268,338.29927092441187
2025-05-01 01:45:00,118.79052999999999,116.07005921708233,116.72094999999999,111.46568699692065,113.40173106467076,113.42553988339998,112.30039148279313,109.29362968173662,348.79846103046935,348.18414630130712,345.80909999999994,345.73082086628585,342.14572401476084,339.68202492013762,338.57485785264458,333.2833599999999
2025-05-01 02:00:00,118.45666061141077,115.73335549241945,115.04032145544421,111.34609879250256,112.41386871667072,112.40654789433131,111.35367735814708,107.83194116718975,346.51969125117603,345.80910000000006,343.28095977715441,341.91529605716562,338.60961027392455,334.90765325017509,336.56094675831019,331.71322973197607
2025-05-01 02:15:00,116.2310458368657,113.69088129505629,112.21599728189807,110.30075263325958,111.00327772444227,110.59545391463742,108.75065196754261,106.73441418463982,343.23299502960788,342.13683675703243,340.1314811779817,337.80997813792948,334.85779015718094,333.02963706916216,330.75640000000004,326.65912111354055
2025-05-01 02:30:00,117.39492100103796,114.84009167642182,113.45129794745712,111.00704965518402,111.77785109004201,110.65267258977566,108.38639441022855,107.23076283719335,342.56324783257514,341.39352254745052,337.65150694900063,333.35058110446244,332.49145911274246,330.75639999999999,326.64956552454134,321.7697376862701
2025-05-01 02:45:00,119.47996939848369,115.8625122605972,113.94794036898205,111.61478226720349,112.12468189708601,110.93999986480004,109.25730238144131,107.75339258541936,344.95938382430256,342.31336166160605,336.90998473209021,333.30982593811501,330.75639999999999,328.55391842724521,325.63349649193475,322.10645498671238
2025-05-01 03:00:00,118.95830547316027,115.90511257874491,114.00699884593521,111.79239783006325,112.3936726659731,111.9910362310375,110.91152949539492,108.66136383026871,333.2221444757007,331.55080260719842,327.97460461124564,325.98106628505326,324.65487425059848,320.04981792369711,319.97186077302018,313.42133046043011
2025-05-01 03:15:00,116.66149807785396,114.13563718252527,111.55273772688761,110.64132446769112,111.21411999999998,110.55136866494962,109.23633072249085,107.8070443890095,330.27250190105542,328.92729304676521,326.63176056536378,323.75646304948691,318.85333785779437,315.7799009431198,315.43974489462551,309.48903894386194
2025-05-01 03:30:00,116.33333326910234,112.77907184918732,110.7937783960101,109.51107325993588,110.46407560636089,110.29790623639413,109.2921699010971,108.79344442008291,330.31206822146441,329.05454492173942,326.60940834055549,324.7111376941333,322.52949177416292,321.73936711632825,319.32790310460751,318.61486150768917
2025-05-01 03:45:00,117.68895754488878,114.78966478654198,112.82658704940303,111.57813709931067,112.5702329678784,111.80815282501591,111.12091726641199,110.10067049264664,330.7564000000001,328.78285005527437,327.12925440589635,325.61829179098214,324.35580053052405,323.34489929827504,321.4076377451409,321.15154199698395
2025-05-01 04:00:00,117.94521928604581,114.23817308245337,112.72724517730573,110.38585480734589,111.48143668899483,111.79873821869288,111.6885758983034,110.36275731708056,327.37647152050744,326.02090619155035,324.58723882720068,322.81403928199063,320.15870806178395,317.05395858245237,318.46185704651924,318.68944376848049
2025-05-01 04:15:00,115.03468751613778,111.75190875090574,109.35517318244375,109.30148865192713,110.15038430440043,110.35096702262321,110.56706971180358,109.80160439178724,324.73044446747184,324.11047756415326,322.59831352149905,319.05700480014065,317.66785373831982,314.97281240202852,316.93406088107974,318.19135039058631
2025-05-01 04:30:00,111.25189740767314,108.82326194283628,106.95945200214837,108.01484412677456,108.53822028274452,108.97543002415041,109.24656462995773,109.09045614767305,321.55498778216861,321.96303955715643,320.31299217547701,318.29452259836648,322.64584780536319,320.10292241774658,318.03413670992541,317.63442863756995
2025-05-01 04:45:00,110.24496291674063,107.64539101094913,106.70456029856288,106.90785173329338,107.58351540906605,108.22303549297538,108.90328427095339,109.4316872133689,322.58901128447542,322.36285686812016,323.77596391628896,322.98595915467337,325.21394815176996,322.57110107418526,322.57022292695893,327.08303136242387
2025-05-01 05:00:00,106.62392193650919,105.75251795555732,104.40355286734652,106.46352202095241,106.68424067967948,107.0947178761208,108.44956496796785,108.02194,319.02754778799795,319.26146280938298,321.73195352031445,321.51627029172818,323.44046604926547,321.07968182610938,321.46259755387132,325.28276082243895
2025-05-01 05:15:00,120.41424323368344,114.0268858695288,113.7530469087739,110.82587842892794,113.08312755087488,114.74308926687948,114.48981411450069,113.85535319645926,333.91736000000003,334.52612943509666,337.16248988947785,336.54553344806084,335.69539009791987,332.8424189833226,331.54498181890443,332.02905866582205
2025-05-01 05:30:00,122.15322065861596,117.19021453975641,115.66793854685051,112.89774094798126,115.42293666818784,116.10020025057555,117.85478696584552,115.25888684266499,337.39551626973366,338.84998786085919,338.15125772783512,337.66479356981694,339.41090000000003,334.94165481428678,332.93918199922922,335.16939581159363
2025-05-01 05:45:00,123.49620187904398,118.79031085706325,117.93289319772732,115.5228118694837,117.3606108172003,118.84999659078451,118.96747806718174,116.37112717139198,337.88410076019051,339.31857353479961,338.34821292206124,339.8515490289434,339.11846400583983,336.99152698178773,335.15323618022046,328.68223370558633
2025-05-01 06:00:00,126.8712560296666,121.67174658781255,121.07162377190527,117.16059486736792,120.48229071782393,121.15682688594575,120.87334584946588,119.58120054326973,344.58713819556897,346.85520316519018,344.18436522061478,344.78926904050155,345.63728202896226,345.30312166975193,341.9853728159004,339.4868778978049
2025-05-01 06:15:00,124.64335714640873,119.61692146358624,119.35487627118083,114.88419605469103,117.7301508916309,118.9490381880765,120.56722729916922,118.38384480400269,356.52919364512417,356.77474956749819,355.21517874167318,355.96027494150849,352.78121294841372,351.67459142427987,354.98586646399968,356.21962793405999
2025-05-01 06:30:00,121.45241190026996,116.76920690576557,115.86250546142212,113.66066738372474,114.86445254610734,116.07288043585362,117.50185093812577,115.48554130998809,350.99858557083672,350.99828881576445,348.31682795549898,347.05527171000011,344.58863750417714,345.28194869372811,347.44826666232245,349.12314561335381
2025-05-01 06:45:00,112.32974660333706,109.65329155898364,109.53288518841849,108.15506944638312,109.25700950077996,111.21785541804765,113.2585607570575,112.30627471027847,338.18123617596353,337.14615366298261,334.66963447205774,335.24979619784864,334.41551960515847,335.71797044479376,339.18201415618518,344.49901650387631
2025-05-01 07:00:00,107.65152,106.12226334846615,105.05741677149312,106.51461574213914,106.87213083529267,107.81849505602005,109.68255599999999,109.33344088024288,330.90135010612653,328.36437766155757,329.57512746165526,330.60266314131815,330.5577379330673,332.11300798570011,333.81026990299398,340.46187629823055
2025-05-01 07:15:00,105.72134402617584,105.13041158765159,105.50160594518059,106.5121157894567,106.95277711017813,108.32961253901144,110.19753032784458,109.14621541820439,321.26121733806445,318.40455635327163,323.97601641123151,326.61603000000008,329.70844686376358,334.74217991497289,330.70691391813796,337.32675216803557
2025-05-01 07:30:00,97.940482719470765,100.57086994511603,100.3492,103.93877361455617,103.64976270749159,104.7942130905034,107.62232967837583,106.07827725943845,296.34866,296.20975746781295,299.38841774726762,302.3615271174437,314.19920475767589,322.44841580186602,317.87490982541408,328.07720446380574
2025-05-01 07:45:00,96.388222588615051,98.646739197794076,99.467756064970814,102.97533464430467,103.02601360922252,104.68516923369647,105.85836944467277,105.76253633192552,298.63914472516899,298.27845464185634,309.06490228889186,317.94028051057438,315.06600086866399,321.62600400312107,317.89651998606752,325.66804729588296
2025-05-01 08:00:00,101.27824391002481,102.33845151776562,103.50842181069812,104.97532819392173,106.18899028647701,106.54067845716655,107.41965034413829,107.31235604029825,326.38684383838648,327.13162855355529,333.87509231344535,334.94908713135817,329.41394461776747,329.93369471986216,333.93917051652562,339.47418093491967
2025-05-01 08:15:00,100.25838113448671,101.70707097463689,102.93192869516194,104.54971489152933,104.42796557309127,105.12199990607471,107.34083185520984,105.91983934695122,328.17821671917795,330.69694616074702,332.22557241385073,332.2433160598431,326.73371928009794,328.34730820371215,330.10305934588155,336.30226306471491
2025-05-01 08:30:00,100.45493035876918,103.32648362148359,104.31606801371348,106.04997429054305,105.40037747059705,105.51608411849742,105.44646913531817,104.89562592166858,330.70541458487259,330.93517800946654,328.01255884431833,326.97621686716462,327.35745343751307,323.80909768673035,329.1025715910917,330.52146391714291
2025-05-01 08:45:00,108.49768563292605,107.77400751148235,108.79700155007615,106.73837871946459,107.61090351948853,107.54025643635882,106.98571758956753,106.75038566447296,341.298143673173,339.78762393932607,336.12584129065647,334.85862975406405,333.96216717452103,329.68490551385668,334.80261592421306,339.68761470017625
2025-05-01 09:00:00,116.10546952382661,112.42719926139651,112.74691624027972,108.94790984724919,109.74151222757898,109.67985346662147,110.22247396787785,108.49959389370925,350.92050032091527,348.92606000000006,344.52225796200719,344.160687559802,341.23543999999998,337.92754290097156,343.11117868406399,347.71878509456428
2025-05-01 09:15:00,115.26276908281791,111.54286515523636,110.72088101673118,108.36182928646797,107.56922455358593,107.61033906953215,107.900742103334,106.25427866468341,345.25207750506553,342.26823192323963,337.57642630309994,335.91266887015649,331.50280732567717,326.36805481032098,328.80692096073949,332.46920922305276
2025-05-01 09:30:00,115.28175602722975,111.54379989408308,110.63102741971979,107.72931613965095,107.77636189136696,108.05347524165965,107.12987908665112,106.77553993475611,343.20395850079365,339.21517342152549,333.41992187333085,331.96869692428049,328.09983028656944,324.60062159762316,324.7904932966261,325.47205301940198
2025-05-01 09:45:00,118.39937475535066,112.62442073771629,110.09301582378288,108.44696529315155,108.62582700177065,107.86542319032915,107.35890139811096,107.2949601635506,346.58132999999998,340.38092724447989,334.61335948992365,332.72969692948436,330.25851490942728,324.02710397290861,326.30117428257074,330.43629316130125
2025-05-01 10:00:00,117.10639036285336,112.05384871504003,109.6054118214051,108.68153415770816,108.04840809055585,108.06910291726125,108.53724887069015,107.49341849531585,336.32551707836615,330.0166857582812,325.02058081504373,323.24249134489946,320.06869921504438,315.64708162934789,316.36272494682635,319.11608787414241
2025-05-01 10:15:00,111.42244127761361,108.82643804771831,105.51334705672194,107.07469081885422,106.10404635062989,105.69874869965153,106.28717458484107,105.56128659145988,328.67999964458579,322.44985925239621,316.66002072442166,313.87704039646042,315.00717416461606,312.62819321495692,311.3089746572619,315.455182646661
2025-05-01 10:30:00,105.88058893733188,105.37951146820429,102.2434961138585,105.45334339192722,104.35506715300292,103.79519509829575,104.36279695892826,104.2031794522715,314.34443064205152,309.37241370769914,304.32103934256048,301.18350205095692,302.09070250724983,298.57284661319562,294.61561557088595,299.47621670759611
2025-05-01 10:45:00,98.981747319839798,100.56924966910083,98.35181360045533,103.72533345964706,102.10752609995825,101.42464716657688,102.08108068197122,102.75923463281815,296.69237021184387,293.13925674964588,292.92218087014652,290.42615834976431,290.35227056993637,285.95477455254388,281.51575654047502,286.198678749799
2025-05-01 11:00:00,101.51142251398964,102.82624484659833,102.49978043587093,105.49889774461546,105.05928424957861,104.43997908681888,104.37991873548836,105.08485561619736,304.1294972371594,302.73317491875622,301.14627936422954,298.43545451984272,296.74106395497847,290.22066404804957,289.82067514470236,292.88462954845249
2025-05-01 11:15:00,114.20649974492858,111.37813842890806,111.73832344387742,109.41573599573313,110.97313998651283,110.40870537087635,110.52550075769156,110.14425742497099,340.97512695699976,340.17491407424808,335.99505940070611,332.03543263974763,326.342767905757,319.20907678982007,322.59805527549122,323.1486638756752
2025-05-01 11:30:00,108.71409642816339,108.42787532423054,107.10078666837971,108.19852789038266,107.69497736619181,107.135476192567,108.9716187133733,106.75177624043079,335.59690683811965,335.54699817690903,328.93285719811831,325.64744579546561,322.23509550277049,315.04599381284874,318.92692767803749,321.50124739440639
2025-05-01 11:45:00,111.9483478718397,109.40205115317971,109.62247608250297,108.02116911428485,107.64852628779961,107.89809428417504,106.34506776742909,107.16300574977592,334.40401805031922,334.54026444306578,327.62303757407983,323.48438439509977,322.60797097294557,319.98473537326032,314.56630800608463,321.12810834699405
2025-05-01 12:00:00,108.15662572099251,106.77696101890825,105.11206450950036,103.93060061537649,104.14604733947826,101.90737826097852,101.63071150000376,101.94207322516877,326.16332783504765,322.57537571891504,323.43794145502147,321.66160956914354,320.2227033232557,317.76974372333194,318.18848424221818,321.66073519145249
2025-05-01 12:15:00,99.464554574643572,99.240834762829778,98.155022729596496,99.104748581244422,98.898638671796661,98.991110424308005,99.329548038807602,99.047314291052459,307.72413064869386,303.34145482577037,302.97918042780634,304.70819977813449,307.30541120267367,309.44248998108287,313.16252224670382,316.47251428315519
2025-05-01 12:30:00,99.644928371090472,99.575904926694449,99.134765420730645,99.187832301601972,99.562963391484203,99.29831817266556,99.314659985764294,99.714864675833681,308.98776718401155,308.01992531664433,308.15600499325825,307.46585396194172,311.4332709343085,314.2509454319478,316.34124531370861,319.28572429255416
2025-05-01 12:45:00,90.060178755167996,90.275023009254639,90.987899999999996,93.467089999999999,93.416235423056236,94.690204445129964,95.91103127850127,94.871279999999999,285.35655947843617,286.05345596385212,287.01256963964067,293.69595638299575,299.90021279112341,303.70650468701103,309.25061100026153,313.5993922596208
2025-05-01 13:00:00,93.377929085440599,93.405681260513887,94.018992850854545,95.0089846303283,95.749124328973622,96.786574627165379,97.186057180159295,97.422568381951677,269.4046404482508,272.25092000000006,275.18518,281.94054595209116,290.21858513166103,298.10344926018809,304.4084052291301,309.05501533770916
2025-05-01 13:15:00,90.98790000000001,92.788938579322604,93.769336684760916,95.624547277393916,96.099982750003122,96.68668393400317,98.018743515674856,97.997848460800071,276.78830470432564,283.6567524471829,287.0817120166675,292.39334495439243,300.59508629189509,305.57433766365904,309.99424342985174,314.26442414950691
2025-05-01 13:30:00,92.326657982324122,92.875680000000003,93.671020000000013,97.126526044380341,97.175704390986894,100.03839199313549,101.54954500000001,100.78682860157194,275.18518,281.30987152131405,284.98237246775022,291.78442935542023,301.33118677512834,308.64119427240121,312.62261395002724,315.1942549523452
2025-05-01 13:45:00,93.644518043124151,94.729215138844737,94.789336512705091,98.82570384876918,99.167310000000015,103.39528270949137,105.6110707597888,104.68659038932529,278.97525385006639,286.47255578860376,289.82223071847181,294.33630586728856,305.0378212069611,313.32542869154929,315.62113709180471,317.63594732900077
2025-05-01 14:00:00,93.638036564875478,94.575512371098398,94.871279999999999,99.167310000000015,99.034035792462618,103.31010714919758,105.45431015715663,104.19073161212647,287.11357949632435,295.37790922213361,298.27445841896377,300.78272213295236,309.41241326393339,317.21922346148733,318.92918891874791,319.72161646097544
2025-05-01 14:15:00,94.720639999999989,95.573101205047706,96.230240803279628,99.466353028875076,99.247599306274452,102.73451,104.8201620768797,103.71487399715777,291.37771898234666,297.69242450119776,301.13974857644496,304.07269968926084,311.86127820503594,319.40669241832143,320.25430834153252,321.10491405825138
2025-05-01 14:30:00,94.998926983720182,97.171037456078238,97.924136441366187,101.58224947324594,100.82745413989697,104.22128409145593,105.96141067626375,104.59217120890736,309.32218017900414,316.29640966447045,320.80756848108399,317.02723391547755,323.34319860028535,328.96594827638364,327.54491145552998,326.79197462974332
2025-05-01 14:45:00,95.928262445037575,97.659788736442792,98.106396871143048,102.3873920807046,100.83405348048863,105.629004014522,107.18094915969219,105.09665313575232,323.3827113669783,329.48288000000002,330.36648474808283,323.27555292590495,328.32390850166399,335.53524351573617,332.7335302953112,330.49418188731494
2025-05-01 15:00:00,100.03383870437914,100.72191670514634,101.04896348931122,104.63425795123888,103.56576746005338,107.52900012715887,108.72633477802557,106.73412189903605,329.48288000000002,331.5196053846783,330.53744999999998,324.71692600450564,329.21590938080237,336.10706477451942,333.21564469099735,330.51773221505408
2025-05-01 15:15:00,101.67673061135375,102.3277750040989,101.47530499135327,104.43911384914743,103.59099049133805,106.70389252288402,107.80417777079255,106.10060133763977,331.46342018033897,330.53744999999998,329.06303753867473,326.23747734637772,330.01486219417251,335.3713844158105,332.29034265559994,330.45391588044157
2025-05-01 15:30:00,105.96690950907168,105.38938183809246,104.84856813167006,106.8611819932723,106.8487089273563,108.00610378133371,108.90992942055227,107.59816567732152,334.11740480109592,331.07610582614944,331.26923510808791,328.99832389297865,332.9019382929427,337.14642614692053,333.20874192837732,331.3513057259006
2025-05-01 15:45:00,102.53360112173364,102.37025766817192,101.74859136860499,104.77183193182054,104.57656367623946,106.22202026873742,107.82876397427914,106.10682501426727,328.97744670633904,325.48892554101963,326.80068113785529,328.32094757054944,333.65148222248308,334.15435624852154,330.89831464743935,330.26142945521315
2025-05-01 16:00:00,97.088541456131281,97.189170438028455,97.414001213956055,102.05842915059795,101.35893709844551,104.80272096627327,106.10950663505993,103.93532680224867,320.8663632505918,319.07277354086989,319.96182315643483,321.24832636460303,323.88279040146165,326.51735328455328,325.11706426095719,324.71739959824879
2025-05-01 16:15:00,94.684555114465269,95.383295665449637,97.176847006377045,100.42434062645128,100.00831926779082,102.61900597961079,103.32620240875714,101.60756500850866,314.00818188759501,313.86444398110893,320.29807380856937,322.91738830003248,325.93373630184885,325.65273492802999,324.12723250842566,324.47042808847112
2025-05-01 16:30:00,94.872660973385891,95.893559709534614,98.046016212196562,100.23390374732851,99.80574626127337,101.48849272613029,101.80791777353018,100.34670580909774,308.53194662904878,310.78110257098024,320.65270787361902,324.10928780530026,325.28878480106187,324.63102173700418,323.57183424124321,324.07539371421268
2025-05-01 16:45:00,94.691072374570268,95.873151223660045,97.992624759850329,100.59242871736936,99.939750044793598,102.08401144547923,102.18914075143879,100.58371683476894,308.39731617706559,310.88300840748212,320.30064407446145,323.68675609262704,324.35252132213327,324.07778320669934,323.30349432681652,322.92092397318999
2025-05-01 17:00:00,93.560780369449645,94.948072027870651,96.551345505060667,98.870595494714863,97.920583232954939,100.23010270459318,100.43929001696273,98.874044338445643,305.31178290869326,309.63362701028484,317.8092280853848,320.6661330176355,321.32060231228689,322.48491606488011,322.21586753369013,321.71260227530445
2025-05-01 17:15:00,95.544343768685437,96.515083109066168,98.966872310990709,102.57990479358412,101.9576426303821,105.57652642923104,106.25928509373345,104.13494912932002,310.1843491772006,314.20138881751529,322.44964641856086,324.4798950420618,326.95591475483297,328.5474580481839,326.11712032850539,324.37722429298827
2025-05-01 17:30:00,111.86399300168004,112.35897690091296,111.92600797950864,112.87818,112.21631911142713,113.63819787630415,113.94489538708298,112.96595929741378,343.46020233550877,344.59357942593203,345.14810260065599,340.29036822259735,340.65658437489606,345.51529888588937,339.34092404905789,334.37159049812618
2025-05-01 17:45:00,114.82817564066941,113.36673992810317,112.87818000000001,113.03908944712275,112.47449035391243,111.85581843765888,113.97639948183117,112.20008942950582,342.56142999999997,339.4514748090013,339.60004471589457,337.46728762707272,338.66103154198413,341.39901659313034,336.85480814534435,332.8065213338208
2025-05-01 18:00:00,115.81727759139741,113.58618627569913,113.66627360304919,114.06202219720299,113.47693944404912,113.34030655949836,114.71220488621402,112.89455905940603,342.58039861017733,339.07383216387382,339.56151379503768,336.82572235360129,337.21643213345493,340.5853220320455,335.44078128030338,331.85280955897133
2025-05-01 18:15:00,108.11626304084744,106.42873524549516,107.15917120717221,108.82464682800402,108.78870889716272,110.24883722684359,111.86249232290901,109.63100505159284,333.44772052722249,331.70010807889508,334.37892924389917,332.67639815200369,333.87389149608885,337.37055163657948,332.69450224406972,330.23011070977952
2025-05-01 18:30:00,111.50642399999998,109.52406183618466,108.15970689470599,108.56592962519274,108.3693580456751,109.65643190319543,110.00678395127649,108.89406769606235,334.08079873296464,330.17354436705381,333.1674004173035,332.85837418039603,334.45900221827731,336.23191316029363,331.46592573859789,329.6083437241532
2025-05-01 18:45:00,110.08491043658394,108.35288314255472,107.21734294874263,107.18975324760204,107.58071364577269,107.01920856058345,106.86895004756731,105.99455973381839,331.24345344732626,326.98063602239847,328.49763470200537,328.48755412241314,328.53693426736862,329.48452439690584,326.76572862131417,325.11707801390503
2025-05-01 19:00:00,114.38031091134087,112.95528758630724,110.28086203086058,108.67067637764849,108.3907105962637,107.38110708072816,106.00397253822003,105.62882198567704,346.67465264385515,342.98260217048289,339.79507768328176,332.79411303600256,329.61768384111951,333.05470717083062,329.58585548204502,326.17389383465047
2025-05-01 19:15:00,115.65561113693487,113.59989450804891,110.48170297864654,108.54951958096413,108.18374081000773,106.90332206060663,105.92707632650679,105.45189624610377,345.16452434744258,341.28645463671768,337.90245024043838,329.82875549147292,327.09594681058934,328.67108757363837,326.26382000000001,324.00098647688105
2025-05-01 19:30:00,116.33650797893526,113.94749174723412,108.93055702978374,105.21014906349561,104.23700876401881,103.5634728976575,101.96556,102.46303889251756,344.49675109685882,338.89329008122479,333.07568629805417,324.53111966474017,320.64214665201587,321.69082142208299,320.94620522343922,319.79542181032036
2025-05-01 19:45:00,115.85634933204199,113.42309024148587,108.48355597311958,103.5041570066159,102.69209000000001,101.96556,100.35054948407046,101.31611565119435,343.55316473395726,336.53103698815949,330.89444495964131,323.29318456116755,319.1089580004076,319.8096202886336,319.43642999999992,318.94754000000006
2025-05-01 20:00:00,117.202805945129,114.58516,110.34980112172997,105.83020674862568,104.86360076702968,104.56721627284517,103.0675634910147,103.6524696322348,347.14370982803837,341.03150544422334,337.53917025631279,330.25170267839439,326.56455401925439,326.83934320772522,324.818411202704,323.70420225805219
2025-05-01 20:15:00,113.35756780959106,110.3953845794704,104.96321229532461,101.96556000000001,100.66770855040016,102.78988102577193,101.29889719074278,101.54547382862826,342.75550953187678,335.76137026973009,330.32835736818157,324.26520180375167,321.60875709924818,323.50466448075247,322.53324910875239,321.6894044929146
2025-05-01 20:30:00,113.051861972317,110.32341429686745,105.95922602678412,102.66066183694622,102.58547194742808,102.01861810210785,100.66273393535018,101.36232,339.882840009662,333.45265208987172,327.45142452829509,320.66312105221988,318.46817879627736,321.58759306775039,320.68590113684178,320.22412963836712
2025-05-01 20:45:00,115.2964192897181,112.42795617424751,108.33187069148607,105.94814809347302,105.97078999999999,106.32617861963028,105.46363721573779,105.93772033113733,339.81409039611594,334.31963433469303,331.05789811302833,325.84072611229521,323.46659029777311,326.20384140827133,324.28820479211026,323.42458775640358
2025-05-01 21:00:00,102.97089053540415,100.96438820150364,101.54896488850436,102.90537770848177,102.61447070978298,104.11738736275242,104.80390000000001,103.08023000000001,322.55212435656381,319.43642999999997,322.65741643662216,322.61396441353446,321.84686968231807,322.18460722073354,322.04802999999998,322.55545000000006
2025-05-01 21:15:00,101.98979019016809,100.69406544083081,100.20263175381351,101.54531438378464,101.46405127519826,104.33613347620869,103.63256812120163,102.97987206518798,322.7907060230396,319.81400185255558,322.23511395303427,321.81359597585231,320.45482338331055,322.04802999999998,321.17141245912291,321.81806315424319
2025-05-01 21:30:00,99.457897344657368,99.385401269281303,99.099129113167749,101.63478925074385,101.74230406322893,103.6862530557998,103.99158566653033,102.96700027246648,317.60813605688958,315.76405190969984,318.53297308689315,319.4871,319.03428758560773,320.51098160494001,320.38652270348945,321.63037579494818
2025-05-01 21:45:00,104.13306376206081,103.19574383144273,102.74373227186094,104.8039,105.01931496574666,106.98840399905656,107.09468689493168,106.27578294288097,318.04705999999999,315.90784781730724,318.94931158910242,320.03661921165371,320.45301138495711,323.68461104800235,323.15452524472295,323.15343665418879
2025-05-01 22:00:00,105.39797058379828,104.75500574092743,104.80390000000003,106.08113019316879,106.59869744035971,106.99631822954512,107.80661171792586,107.1418230895428,318.13024941058001,317.31405584154925,322.04802999999993,322.55545000000001,322.11642409542429,324.15765299107426,323.48479827120138,324.04474595123719
2025-05-01 22:15:00,103.86161794352681,103.42759786409013,103.43968565213468,104.46926318580599,104.26538175864816,104.63678539609057,105.01799437980178,104.37851582113427,320.25075785975565,319.74019126218019,322.21857193462864,321.27842005652832,321.86589999999995,323.95948503005872,323.44663182895522,323.58034907181599
2025-05-01 22:30:00,101.85923851178616,101.35147573372991,101.1340819627044,100.78552323715952,100.93776224266929,100.9293514234832,101.16543754110302,100.98733285927685,320.49769243052077,321.13063689708486,321.94445999999999,319.23786878358868,319.40659163326808,321.14857998194731,321.21240035728317,322.00488799068046
2025-05-01 22:45:00,104.77393699252512,104.02694196902783,101.99812375428594,100.68923684723946,100.60546466592109,99.402390361975364,99.062769853081477,99.804634659871439,322.39379262979304,321.75516607584444,321.25844346620039,317.72191509999334,316.79277185423712,318.48452003605206,319.44070500413574,320.17676367759645
2025-05-01 23:00:00,103.27469939150083,102.63422680553198,102.57377563149765,101.46702994717413,101.3834661675221,100.30412587843691,100.41273297537589,100.23874815233232,322.86519439078154,322.61707465311963,321.42595393914098,317.45199360804475,316.32813239234332,319.1735585785508,320.37357516527709,320.55252468889506
2025-05-01 23:15:00,100.74407323089936,100.56675769548956,101.28236978533101,103.2166377635924,102.48567199349382,105.17608350785623,105.88670143881076,104.37273305736396,323.04616252930788,323.0549347167314,324.24235906510904,322.10543902208394,322.45291012751562,326.27303417893438,325.77467061669415,324.92395635129338
2025-05-01 23:30:00,101.50856905575337,101.09541847084903,100.9853811113128,101.55804616362806,101.37519158718278,102.37413210093978,102.52160416070815,101.83778110103121,322.71600493967878,322.61077751347915,325.08213100237856,324.32865903271875,324.55375722040856,326.060362052644,325.20428622060069,325.3837128007209
2025-05-01 23:45:00,96.151457769090882,95.696417680541046,95.55782977356435,97.87684131216659,97.220566685757973,100.1051307396697,101.28185253069246,99.777706306174096,315.39414984385672,314.30048618405505,313.07243853706905,313.0880964126531,315.44354028096802,320.00144412432178,321.08670050163414,321.55979091083998
2025-05-02 00:00:00,104.64687708910662,104.32277668788733,104.06810180350976,104.76128958790869,104.26311379665916,104.0544325814156,102.21759915787244,102.65217999999999,312.90974979042039,310.41569246374354,308.75531063470862,306.92642904886378,308.16354870088708,303.79373675701606,306.29701005422498,309.10769633276948
2025-05-02 00:15:00,102.78090078780171,103.49558595946782,101.70427564889181,103.29664831451805,102.82632159413905,102.08058605447781,102.65217999999997,101.56932046263456,300.1231925020785,296.86678945937058,299.06143617988005,299.25307742066957,302.14868000000001,296.62256548754613,299.28060395551665,301.35902640271627
2025-05-02 00:30:00,105.26740779891843,104.58599272181509,104.17492932458302,104.2899,103.93353726600527,104.62321952795112,103.86645521354781,102.73332963206374,303.72992026227496,302.09415728377314,303.50957999999997,303.25776300289334,304.953917239048,305.8025834050701,305.44752631859291,306.49598038881959
2025-05-02 00:45:00,103.28301375872279,102.12645085301756,101.32729987622997,101.58135911821806,101.45980179040849,101.56281618211234,102.25035592473751,102.56952443839124,302.43785089568865,303.28549981458741,300.96682294721597,299.5465722691074,304.83948257056159,301.33922435856994,305.04254945792695,304.40457633501853
2025-05-02 01:00:00,105.75787561335846,103.97779960412566,103.70637788015971,103.14482674192722,102.87181000000001,103.48593028143624,103.63195984035856,103.63126809032306,304.10084625071073,304.05132065066277,304.35684206640229,304.47634999999997,305.50906597450916,304.00067000000007,306.82108964104992,308.14017695823748
2025-05-02 01:15:00,102.7299971093381,102.73512923334094,102.56918139798184,102.67065826661231,102.44971084835235,102.97150274172928,103.96175885722184,103.71289866850118,302.14868000000007,304.68784278898596,303.32885163394275,302.41413395849492,300.14120233813742,297.207521977662,300.72574000000003,298.15995900921507
2025-05-02 01:30:00,103.94647080611126,102.65217999999997,102.87181000000001,102.29742332196345,101.99191282424027,102.969055,103.27020808322486,103.87290846730004,302.36715623316252,304.47635000000008,305.66171789869344,306.33154953910736,305.24164000000002,303.27022930268629,303.29207847208676,300.35149999999999
2025-05-02 01:45:00,105.83304362998091,105.03754210093882,105.46996066713876,103.34258601770172,103.61144669905481,104.06919338939004,104.31709560187039,104.69598083231971,308.21446488299262,310.17579350814907,311.29451101991054,311.64148452790391,310.85660584597156,307.96857831331113,307.52173023922359,306.04428069087487
2025-05-02 02:00:00,102.68622987277303,103.10036462780235,103.53789093872712,102.81668934122877,102.50224921255433,102.93843754149169,104.03772231663029,103.38131233015021,304.37140195170127,306.51811605811093,308.04384701475215,308.89438477146541,305.7999517466377,301.72486376098954,303.54050675632715,300.58634340340279
2025-05-02 02:15:00,102.80004377330596,102.6144092754347,103.57958881422601,102.61327537652669,102.54308979301294,103.45177047705936,103.40266739366614,103.48368772446527,304.03527137305571,305.41507416837402,307.74055815524127,308.84639615189371,306.81085777023122,302.91635000000008,304.47305858581984,303.21039177776061
2025-05-02 02:30:00,102.35071831330211,102.83689065199087,103.21211529161846,102.55798450589167,102.76482676055926,102.87605062715099,103.45831108664143,103.21471601243576,305.26411647966029,306.74144816635021,308.49494547667717,309.57977923926029,307.95345536685659,305.06795672842475,304.37368945063105,303.93371676007746
2025-05-02 02:45:00,103.11340114204856,102.96013642986748,103.6847272853071,102.58961990805611,102.47874486154748,103.18906047699183,103.50341863650034,102.91582457722166,305.98343242804498,305.91168000000005,308.74215889581086,309.17551358431234,308.89941125110619,307.20199120104922,305.98196693417418,303.87146948205304
2025-05-02 03:00:00,103.1935709726459,103.53740054257892,103.92431063352812,103.05369724294728,102.76335867723726,102.88032158371965,103.09290662044867,102.68307195925975,300.84368464241044,300.9603767571395,302.56466267357172,302.5001327970495,302.59280198241993,303.3567894600817,301.309173957437,303.49109957338749
2025-05-02 03:15:00,105.86491345707927,105.49112893669604,105.63430009502227,104.04906287402339,104.19246417693111,104.43860228489628,104.14349085571361,103.69355648555639,305.67540980724925,305.54597198588749,306.19637827873788,305.95110911168001,308.66180098117019,309.35390073846253,306.21785545841527,310.8513902475778
2025-05-02 03:30:00,105.54291773614426,105.49338254018724,104.83923790611443,104.28353457588858,103.79076278889114,103.42683624947797,103.42777624453998,102.76387702487706,299.5316186815524,298.28967424177881,300.41976444599879,302.38076729667438,303.83271467341137,304.67997360940461,301.04588358581123,303.77924449637806
2025-05-02 03:45:00,106.73114349864315,106.02707787681481,106.28305460345129,104.16561062678596,104.04289750786076,104.4461721098854,103.96943590076076,103.87011060296474,302.73201035371295,302.07710597336342,305.23325824494242,306.10891402027033,305.42027801488092,305.64925648000326,302.61054849161548,307.43434119135577
2025-05-02 04:00:00,105.87850187292895,104.93216000000001,104.47674782132214,102.63483612034783,102.53041693736741,102.7014771635955,103.3036749995739,103.46379058443394,301.88811230683086,301.76519267134654,304.24219520918911,304.58485365675995,305.82738576976686,305.09887277912668,302.17553170085813,308.577595388492
2025-05-02 04:15:00,106.50109540540643,104.57594822845776,104.48057290766006,102.38981262973397,102.10446534951024,103.02643230878463,103.41734594960674,103.60958444849676,303.44350967400084,302.38401240315244,304.17084976986553,302.92687076661122,305.4921499583395,305.59847090941975,301.57682680611958,310.29129957270504
2025-05-02 04:30:00,103.17630352823606,102.65919281952171,101.77969593244586,101.51091228411208,100.98676996543057,101.5693761223517,102.37660475163057,102.97097392542558,298.98488893058936,298.22478227174679,299.10609380371784,298.90080134979934,300.43521776763373,300.40681737279834,299.57745000000006,312.55931938279639
2025-05-02 04:45:00,98.942065454711894,99.556968461199787,98.767182600337307,100.16833645100418,99.022839097357263,99.626535075093287,100.25556135922251,101.21791925348519,290.24756855801263,288.02303180467067,288.32083065599517,288.97443214418325,294.61871227056548,296.60862133095191,295.40658268968247,304.30712283599041
2025-05-02 05:00:00,100.36962965188766,100.28632769346382,100.41088518597545,100.63833569122804,100.42069984271346,101.57702684364868,101.93814772562553,102.95135103665316,279.06085498248552,278.97307999999998,280.92306733407736,281.81197189827833,288.03665001762926,287.88175393524011,287.30785873757668,297.19760801149084
2025-05-02 05:15:00,101.23125364193875,101.9578483824021,102.24153725388858,101.36573425541901,101.50488422610847,102.21649158492362,103.36817926615404,103.52707668789115,285.30228107360125,287.46282087438334,293.20665693360417,294.27263626344779,295.86099493265425,293.86241619773978,293.79940179978013,303.78716797202242
2025-05-02 05:30:00,101.86070765280219,103.81097990892796,103.73580589352069,104.41393402608159,103.98658972536063,104.14922995729154,104.11167975424574,103.69163500000001,283.09413864565101,286.80745480623705,291.87634008828985,292.73329993441865,295.02549699668754,295.29670949277516,294.03654294526973,301.29746542223836
2025-05-02 05:45:00,104.25609589819578,105.59197140868936,106.39403656709915,105.39289687282901,105.85283422792671,106.1530044641144,105.12021160859258,105.49077147561934,288.97020000000003,292.8774891631802,300.56256728415974,301.70318796466546,300.78879377743101,301.25601304396201,299.51049837154852,306.23458841472143
2025-05-02 06:00:00,107.37326806965197,108.66407020856148,109.90616941507501,106.91278918185519,108.20096300854527,108.45380083013286,108.24603331913539,107.36331902343004,298.19799689232127,305.92598514123114,313.29608000000002,312.81649242857497,306.71201704238683,304.92023000000006,304.77131375566546,315.66825365226589
2025-05-02 06:15:00,100.93138927067507,102.85664499613155,103.30815059677653,103.20105605189438,102.62355255463459,102.80780667548245,103.19232786415708,102.75022088739941,307.78504437405445,313.3211157835558,314.90495562373218,315.60720711132495,315.22046598359447,315.54095330024762,314.05521802314325,322.70739648358813
2025-05-02 06:30:00,103.17735432525012,104.49251209437647,106.12117407192986,104.45897739898676,104.85878765892944,105.66327373185278,104.41087788143129,105.03317714807139,314.09999428539879,317.82006081962624,317.79632796162929,315.82519625080641,320.71167591549641,320.13302852007035,319.82482005801177,328.05575055497923
2025-05-02 06:45:00,103.65945106804583,104.9208779507713,105.2124460999827,104.43958773900552,105.08357115048904,105.11939971914063,105.32136120971502,104.61109227375331,317.94806874526461,320.32342327555011,319.6727101617488,318.45840662387741,321.50796497995032,321.55436628722225,324.03273206413081,324.88374368554582
2025-05-02 07:00:00,112.69312825051699,110.65476028885043,112.13913074014025,108.27085087473814,109.59136947715555,110.93050030366801,109.86577937341032,107.7210439792548,325.86852299852831,325.63751560877898,327.21462814073095,327.65695456350005,327.45316878625471,329.1078958421981,331.40856866500718,331.23419478124254
2025-05-02 07:15:00,113.70051703338322,111.9571324680113,111.68837180108822,108.36868688054172,109.69654469090224,110.2739033570177,110.54876662142317,107.28666597113211,315.00013355595854,315.30774286050013,320.07646341206936,321.97691694088348,326.5704789870673,329.78736932255305,328.34374880073079,332.36955176080062
2025-05-02 07:30:00,105.67684586814833,105.94391631715908,104.43792711045856,106.02191947325102,105.90715156803002,106.85180485716208,106.47965465893763,104.09472578540566,306.40945634613229,307.65465814302138,312.50026450014349,315.05804266051251,320.75397090941078,326.57072536380127,319.38097685320162,328.13483387245731
2025-05-02 07:45:00,106.18943956709263,105.61689584188699,105.3459652433535,105.84759458579815,106.71916076363213,107.33674859884799,105.74864841163154,105.04874859637538,307.15583735064433,307.74162914423982,315.38258237325914,319.45172478304494,321.02765400567858,325.6887607322177,321.16941356647038,326.37777038886702
2025-05-02 08:00:00,104.08169504846927,105.0117485495751,103.66382773322049,105.60655634346344,105.73019844693603,104.86486752145521,104.83101421673446,103.55916999999998,313.07544833173671,314.38803080919524,320.87491628945548,321.60747165556887,321.38559234604861,319.90205827381942,320.87688354796671,323.21731031096294
2025-05-02 08:15:00,106.8451987160915,106.39679715416813,106.26689094823722,106.06378072535296,105.90544982919195,106.46339352258212,105.23784011312011,104.09916777964679,331.61912016364403,335.39397970249627,336.36087559096353,335.40775880189938,331.36321782751065,331.69060110043569,331.71371145070611,330.31190757183435
2025-05-02 08:30:00,104.58159314815114,105.71473632669513,104.57112453953756,105.36655220689411,105.53603234995902,105.17991674809636,104.73832450481198,103.14463343923885,337.43125471047961,339.13455476383916,335.85820857003705,333.93919781984732,334.25044726088998,331.44753676619166,333.11554000000007,332.11445293386782
2025-05-02 08:45:00,103.69873395456779,104.6927509691096,103.86510928105463,104.69473167319268,104.01991244384993,103.73150748664652,102.31855156894991,101.62436894211811,333.73526760031092,334.13394047095079,329.34686097261186,325.85433005720819,325.02052534833206,322.53426313391549,324.57262446962301,325.46227154899032
2025-05-02 09:00:00,103.10674137415434,102.56930577665385,102.39908017400225,101.19551660393445,100.50082185815137,100.03950438977934,98.937978204268447,100.10006255266724,335.71064320313627,334.61030000000005,327.84476582379267,322.92621581901403,324.59977618233171,321.56366554895385,320.85696337600535,325.4178442431114
2025-05-02 09:15:00,101.91579275974983,103.15763999999999,103.20082695667639,101.88358586990768,101.44754663625773,101.26879999999998,100.88069399223492,100.64458404802268,334.62135924958949,334.50573585953055,329.2741395357184,324.67683788619848,323.69352536063133,320.0627610718941,320.01291045148304,322.81262690082133
2025-05-02 09:30:00,100.91719477335741,101.16292504482209,100.81853215869738,100.37205977455568,99.165775954183786,99.320701796231106,98.529307473804209,98.517062193654269,332.41250079565799,331.27995159418788,324.442379447218,321.50623577322244,322.33049067742849,317.53673553991456,317.81535866205996,317.41397482047466
2025-05-02 09:45:00,103.12351329554899,103.01074793184162,102.78718515126707,101.26879999999998,100.53751347246974,100.00887470150668,98.169377678792785,98.965046293445781,333.89774065467248,332.60243818743209,326.72433978638338,323.51171791662597,322.51421768664198,318.13526157038211,318.13056377483707,318.98558602413959
2025-05-02 10:00:00,104.28018481824587,104.04192428644511,103.25225730618388,101.80592707002585,100.73440057268493,99.750578991131903,98.427526846648362,99.280152543452076,333.11554000000001,333.43545945685935,326.63222999999994,323.08527486519569,320.37823193448764,317.75933025069372,315.52624224857141,316.45453476513671
2025-05-02 10:15:00,102.90260620125304,102.51655136018471,101.87439301699035,100.92015296315714,99.345015099999571,98.917549054611015,97.531540590423774,98.256311356435248,327.38300621649887,325.75413103588937,319.18417646035698,315.93858598264779,316.27285368810055,313.15370085578633,310.14410994149841,310.84701142038716
2025-05-02 10:30:00,104.40887952718937,102.94207116925159,101.32722763435967,100.52935273692746,99.703591569478334,99.343835484118443,97.973424817977516,98.836930082373513,328.94520684647944,326.23926908740845,320.41310067127108,317.16680223482598,318.87724891137657,316.01584394997877,312.09919940822368,314.1489854602919
2025-05-02 10:45:00,101.38480764496096,101.10555668405109,98.586978216692103,100.54702687436158,99.049975801815762,98.477606355852018,97.672869147136538,98.152350692986261,318.69784050039397,316.9864462909008,312.66043806307164,310.57455265467638,311.29635699019599,309.59194928036538,305.13305968893991,307.88350793341488
2025-05-02 11:00:00,99.218455600588314,99.173820457494074,97.662239360899349,99.464665884431938,97.754307520197884,97.823975624356407,96.557530339868762,97.447751187395255,304.9237217161039,303.27023700938639,302.73496124516203,300.28773547839063,297.03468485309793,294.25739117132235,291.65869640157382,291.04563671897222
2025-05-02 11:15:00,94.332237487789257,96.833487169657118,95.321536614278884,97.544813283453166,95.631571966702225,94.76967999999998,93.907920000000004,95.877624999999995,300.35390800562845,300.93468928335255,298.36886999999996,295.71449999999993,293.49375997669932,290.06603680508459,285.40484276377839,285.47340545442512
2025-05-02 11:30:00,92.228941325756594,94.448800000000006,93.150469999999999,97.046088438076325,94.769679999999994,94.251794525667691,92.876720575980571,95.148113718283412,297.32750127047058,298.6760934383056,294.57038661138239,291.1949802463655,293.5417669349124,289.07118775093915,286.130085454675,286.04967977460069
2025-05-02 11:45:00,94.448799999999991,96.106637958343356,95.95427818447186,97.064217565849916,95.853510336209183,95.731084565447659,94.592564847862064,96.310178569369043,302.50460891169035,302.2791870141786,301.73869663494571,298.93934864357158,296.22521328866742,293.35178598616426,291.45880986116606,290.83714338476068
2025-05-02 12:00:00,95.10098668216061,95.646759983771815,95.500189266214562,96.767875833477703,96.718624276687805,97.306769653148947,97.93557530245532,97.250801077903716,298.85152480729056,299.77920427815019,301.59744281090968,304.63905942290211,309.26668992091811,309.7409722204826,310.30700428277066,313.0194941730029
2025-05-02 12:15:00,94.223700768300731,94.731764633074818,94.247882781721557,95.595195769125581,95.647620278764194,96.638522923308102,96.822802920289774,96.608560804892633,296.04393721710824,294.98669574839204,294.35734080314501,298.90292281872803,302.33241724896425,304.29059324635836,305.90130349130817,308.69339132183364
2025-05-02 12:30:00,94.442475409316273,95.132332719418869,94.699627830980944,96.009072411680464,96.584510505916796,97.348423825223165,98.155648568366374,98.158452190098515,286.36580509103788,286.89934427334873,291.32836343847299,298.12945272233185,302.18599918777431,302.11334559097662,304.18089727904254,308.33041934231869
2025-05-02 12:45:00,94.904598012484158,95.615218480762891,94.978660400559249,96.304858116308793,96.568644438383927,98.198577500787749,98.592318628962701,98.57192494526133,285.75415071042988,287.62487115900404,291.62636648101426,297.11608650516177,299.45628013502983,300.9588874079667,303.74612000000002,306.89874000000003
2025-05-02 13:00:00,94.624032224829591,95.047386386387998,95.256692880634233,96.710456759640849,97.27722212762373,98.426736753338616,99.066585186165455,99.049434244377949,282.17761425727167,283.23318029532311,287.81872816500135,296.04907300679059,297.8500730289681,299.15590280625833,302.4086619551959,305.60975383132802
2025-05-02 13:15:00,95.644404016035793,96.714983251167268,95.061292948778117,96.270480083344466,96.447536051118661,98.56025024271247,98.960664332436508,99.151469848779456,283.6339520908511,285.73067399170787,288.61550839316158,294.66377195868557,296.33457072950193,298.62295579492138,302.09905092342734,304.83431750604319
2025-05-02 13:30:00,101.85101909976832,102.01140967113544,100.37192985815548,100.19991147551789,100.96665384156124,100.81189531854841,101.22516888606155,101.85857731974816,289.34497942171174,291.93461811491966,296.03519871080994,300.68529584156664,301.30171312112708,302.24024799175834,304.71689768057951,306.84712934830964
2025-05-02 13:45:00,104.21319367983125,104.54022652618272,103.49701415563763,103.32315809602643,103.89793404785749,103.27552981026285,103.88224954451819,104.16812171317646,293.05678809368055,295.78871435384013,301.27971374215622,304.67332708626412,305.46853500797795,305.19947656990729,306.94691165281364,309.10013833306095
2025-05-02 14:00:00,105.28681000000002,105.27104174738118,104.55940224726692,103.28302239268734,103.3694896571505,102.72316470455078,102.61121887791184,103.10834719639701,297.8616993622303,301.85196768779952,306.89873999999998,307.34492228805652,307.37964552462881,307.54860365795844,309.10040463053707,310.43818820049688
2025-05-02 14:15:00,105.75925853696657,105.23126106631392,105.13138660668648,103.46811970759875,103.67588316615192,103.32150988920773,102.97590930446185,103.21881046675989,298.65922143980708,302.19416153481689,308.19731237977805,309.24133200615108,307.47495677087426,307.93296635129167,309.29778349316814,310.84937747173137
2025-05-02 14:30:00,108.77493941706518,108.82111992695025,107.07646386916066,105.6809052701348,105.04583339486881,105.44540704855984,104.45016257070704,104.64961626163004,307.42694192722792,312.11417,314.37610504901033,307.73175948159269,307.73856049616575,312.13261727210687,312.9202734478007,312.63624342636336
2025-05-02 14:45:00,106.65980861334364,106.98452364958921,105.61478744166139,105.23450931240647,103.78608327382658,105.07300871743439,104.41670246090939,103.83501517670379,310.4259657654942,315.4236175511237,314.97449185411233,309.44600622565741,310.1208279159747,314.60906999999997,315.19882913486845,314.98792628567958
2025-05-02 15:00:00,106.32421194219044,105.86930234404807,104.91457184808736,104.61417749675749,103.63192008504598,105.1222708984769,104.01766687041493,103.43209647970745,315.37187027940575,317.4829423675377,316.62445740571076,312.41746116573552,313.6419040558601,317.10000853339767,317.12826033943242,316.65301004053794
2025-05-02 15:15:00,112.56774017432582,112.24343382669365,111.15447023812978,110.03999259086275,109.17949565638095,109.37881312256602,108.64235666641044,107.92454857000273,328.10324730396655,328.62216010991773,326.76951964132434,321.59592692663193,322.42373385643384,325.65389392645358,323.18528203394129,321.76536155801352
2025-05-02 15:30:00,107.92621051376501,106.70971848023494,106.3648323099976,106.25889645649696,105.44868019753004,105.40221,105.16688473521158,103.81781095205405,323.53432628860929,323.0762199001266,323.44391477064818,321.98434506001325,324.28572734866651,322.97627502764544,321.37220000000002,321.44320000000005
2025-05-02 15:45:00,107.2462673963184,106.1840747098623,106.16783621328199,106.34150405187728,106.0881832085139,106.50100320461451,105.64502239699594,104.52883936813434,324.72872944018832,323.81524520496953,323.78353522595415,322.77141954963389,324.86004614934683,324.91369173430724,322.70039165243674,322.01627000000002
2025-05-02 16:00:00,103.66928317394594,104.03643812736728,104.29899811238229,105.24984130275359,104.6615583758193,105.09442511181372,105.16575224245291,103.68924983101935,322.19751030691765,321.7744630087609,323.25965162792551,323.28516157511075,323.77777388849779,324.06428416030224,322.35797806548652,321.37432666093986
2025-05-02 16:15:00,100.23716570444391,99.606000287586738,100.10770912974213,102.09808613087087,101.10494530479215,103.29382163197718,103.18933990025684,101.44576703328602,314.41447377305809,311.63511396649005,316.05518000000006,320.70575749406652,321.36306495142043,320.1465076933643,319.4122034839491,319.06480787910414
2025-05-02 16:30:00,100.99576981739685,101.12119937858665,101.28980320710285,101.85926932238323,101.63865848100595,101.98457438236221,101.7041096866522,100.99569522907818,308.59766000000002,306.62930164310927,311.33318185246196,316.28174592066239,316.47368673680381,316.38727778028965,315.99717596371005,316.40569755942715
2025-05-02 16:45:00,98.74374809060717,99.000404651795236,99.049175427663471,99.542579756278414,99.087047168362986,99.179891851164172,98.780636734075316,97.93965689474193,309.16872101120293,309.46999656672779,314.5891951008511,317.12456827441804,317.00923899056244,315.67846617253463,315.80631907564964,315.8095959042663
2025-05-02 17:00:00,105.9774,104.91197415479131,103.95974933144663,103.35541000000001,102.92929532743254,102.90946393267834,101.64913348030284,101.33069080889753,317.52393289661029,315.65493819299195,314.74372430319494,314.04066062676844,312.57024660283065,314.71592524092256,314.81525783657821,314.11709931780126
2025-05-02 17:15:00,105.34085,105.73754266259833,104.33003290897381,104.01127422115594,103.19466983945807,103.08551239049697,102.58750284305822,101.70973783643308,323.3067297964887,322.01627000000002,321.64078843411414,318.47160729671242,316.33193172043713,316.99896000000001,316.70162196037921,315.71249608817101
2025-05-02 17:30:00,105.71571997743084,104.63069979062958,103.50299914822601,102.09121137445112,101.6954028854061,100.09948906692908,99.624705671021914,99.202013928996948,321.72449586919367,319.2294983375715,318.02793842027995,316.95722189858759,316.99895999999995,316.60852,316.04921748858891,316.39101926606401
2025-05-02 17:45:00,104.79296086974546,104.89891923031402,104.09057587187272,102.86074826415613,102.73221164041738,101.36766742424011,101.45350512284999,100.97730234749595,322.35036499971875,321.50581552349962,320.49452466029288,316.49917819935621,317.08186360122085,318.45889999999997,317.65730742600192,317.16592114138678
2025-05-02 18:00:00,103.38559246305456,102.39561678164596,102.5531174888164,102.2664424143959,101.56784,101.50551734320646,101.8276889750732,100.82473111932278,320.31762553414842,319.22482266777052,318.59965082393796,316.60852,317.85094859566181,319.13754272550631,318.28009578359882,317.93079904563297
2025-05-02 18:15:00,97.064488290992827,97.322394456201877,97.165112809232383,96.498247411997738,95.38585188300938,96.508294444602555,96.222499286539346,95.41061236538404,316.31299999999993,315.40149236893234,315.36348532821194,315.05581573025131,316.03352639224943,317.7958359416341,317.20994440128101,316.77070880375265
2025-05-02 18:30:00,97.887710102790649,98.41899411852522,97.478636711978041,98.043022226589315,97.106187570585988,98.850278776613948,98.225160000000002,97.285421632338242,317.67080171993734,317.88042547911283,317.56800564614201,315.57907325803467,316.51135773536464,319.36001492470501,318.03018857499245,317.08453140024204
2025-05-02 18:45:00,97.872738623924747,97.257205448672437,95.873999115321482,96.925690266409902,96.639620886152215,97.189936712042226,96.885757176422658,96.207777663793024,315.83717014974906,312.93016875370478,311.06724773339869,313.21624037654294,316.11715371451135,318.7646255027725,317.68699541502127,316.80260411224407
2025-05-02 19:00:00,99.394108246595636,99.567702454699756,99.073608769131027,100.89128220312503,100.6791003503009,101.89662660842134,102.22957640394652,100.9639296539179,316.07435924751081,315.41437061215703,315.22514673617292,313.55526276596527,317.56962508881855,321.61984199874939,319.73165042572214,318.39829719738748
2025-05-02 19:15:00,100.52652385925656,100.34792638228086,99.952479324130209,101.18737239706905,101.48830360851045,101.66433477661357,102.48601631856992,101.3941094516543,317.2638183432926,315.07942623427977,312.48956608700604,311.69950005108211,315.78737716975149,319.18022323110637,317.72232257365772,317.01537484383107
2025-05-02 19:30:00,99.69050046216708,99.396179931672819,98.225160000000017,98.168345402233783,98.069371514906621,97.28852020988046,97.622359235426927,97.0992074165177,321.32254000000006,319.45217481306105,314.47347035789454,311.31417129426529,315.10807300799888,317.45343271156622,316.19154834790078,316.04543038058205
2025-05-02 19:45:00,99.260912162641972,98.584666299501492,97.855789961305121,97.574969901710944,97.936634371948784,97.193789486476319,97.696187551376894,97.261986675987671,319.00881217664443,315.27287545478941,310.25834306135647,308.21777091952646,312.18486791960089,315.3094675913278,314.50379606012837,314.6121957159005
2025-05-02 20:00:00,98.131044699011781,98.072948463042124,96.695510059792213,96.613381060695033,96.771063483176974,96.084575832355682,96.503643899043269,96.192671018044166,320.38403420561428,316.5635468338445,310.64231005917827,308.61901102563473,313.2177967105888,316.13284356829519,314.71416723661798,315.10297968911044
2025-05-02 20:15:00,97.597652955882737,97.616034497477415,96.163879865668733,96.723594743048906,96.819019558933235,96.903673264025997,97.295360799214151,96.806436549315151,321.74578794946922,317.48230337417766,312.13596605761046,310.21306461946773,315.18714628600117,318.9456468849022,316.77288685551963,316.53533734916164
2025-05-02 20:30:00,96.822172980981307,97.21719322750873,95.707713991843889,95.83455388626237,95.917504410555196,95.742923928835538,95.962757574404492,95.628235000000004,321.25421556078982,317.97170160638757,314.26622832494428,311.36697739508321,316.13123601916863,319.5398725019694,317.16306091386775,316.86648238662173
2025-05-02 20:45:00,93.153922462406612,92.93155896771728,93.212711197848435,92.948447210500618,93.233713656110965,92.366892383694463,92.87239522302734,92.489624024188203,299.85367147991889,297.94246983828532,300.63015227697883,303.18748560231018,309.34631677915405,310.74718587259861,310.35045551635426,312.22873039882472
2025-05-02 21:00:00,94.14055291294838,94.242430185262421,94.210408832924898,93.837597128037999,94.533390000000011,94.377046281295421,94.184296000000032,94.498405000000005,286.78532371706677,286.69542067592982,294.60069313685671,302.0937112250466,308.36969195466787,308.95372214837261,308.52719453888523,311.48804108390948
2025-05-02 21:15:00,93.234214999999978,93.439780136706332,94.374054725822958,93.963647840908862,94.898613719267914,94.184296000000018,94.706179497307573,94.867832107978828,276.67880439174445,279.50353999999999,286.02928314973553,293.89753444234435,300.71303999999992,304.00156584919893,305.29433705795151,307.98993985518558
2025-05-02 21:30:00,93.255750385398244,93.553013245158738,93.665623480559461,93.620969608453422,93.925155287187849,94.168651848807912,94.204075036192236,94.479991022874344,283.16749169256218,286.63764037705857,292.46930590472061,300.71303999999998,306.23174924358437,307.70343531389994,307.88183583432721,310.21170547604953
2025-05-02 21:45:00,93.201391383299196,93.731150619369572,94.084626892953196,94.271493741348266,94.589409099304916,95.272191233033766,95.873266065388137,95.835175000000007,282.91191307831195,287.65111820044814,293.78869653291201,302.02554902928193,307.76033586361547,308.67310662191221,308.52641237403878,310.7780615721984
2025-05-02 22:00:00,95.370164231489966,95.371282557696134,95.272966555805056,95.387291008912101,95.717203909292508,96.526702376558006,96.973143901448125,96.955229845613104,288.67365205375216,294.74379797815982,300.76472283220812,306.94469384043327,311.8459054496422,312.58942873576171,311.52693661284917,312.93948188626121
2025-05-02 22:15:00,95.140549230641128,95.245614343425146,95.196941758699438,95.515198250843952,95.355356327566753,96.586546529575955,97.175760987145139,96.983483712302174,291.241711948579,295.52660661154403,300.68758552326602,307.53559623954709,312.26819222439076,312.16368814865587,311.02376094301775,312.78537738629615
2025-05-02 22:30:00,95.576057909459479,96.412527962862626,96.517784368259811,97.292566798079037,97.261333781556075,98.90132714179417,99.040913893246866,98.485518370386345,306.33817354212812,311.53844296629995,319.44567982623499,320.6364656985462,323.03786584642216,321.49124186727516,318.03361830561693,318.26226043983809
2025-05-02 22:45:00,94.892699700382281,95.297930879238507,95.245406900374817,96.135278567138087,95.527969225629548,96.901476387913533,96.940213216690168,96.124555694103563,310.4180053268982,314.03662095908322,319.7315248908418,320.26487940351262,322.14505081494002,320.54021013604284,317.5263618857208,317.50083596569323
2025-05-02 23:00:00,95.139102183071387,95.734834939401409,95.270885158162201,95.976970491452107,94.871557286197131,97.073788970703731,96.517462653233125,95.637000700148789,321.90000407458558,322.9324510608385,325.96670889692217,324.75805528728313,325.09218563581652,322.73767677468612,318.95669804289446,318.45261562129156
2025-05-02 23:15:00,95.042159993294248,95.835175000000007,94.992191010586509,94.8622557602976,93.616587309479385,95.266252439856913,94.33448679915513,93.519275631484035,329.77519240602516,330.39607736015063,332.13490152818383,328.0310446358672,327.15887221943711,324.57207534185039,320.32338167627859,319.39616477360113
2025-05-02 23:30:00,94.503342402508622,94.470797734204851,93.653616263463036,93.241468520351134,92.052093925162183,93.281778134096882,92.305451970597503,91.495225073020407,321.05101942651089,319.89351014681046,322.03238987602862,320.46329847832834,320.93665479724882,318.73125232153086,316.05432298877025,315.81339722721788
2025-05-02 23:45:00,95.960531487347055,95.869325362128436,94.988283149829982,95.005802702935128,93.877876120261988,95.965210493012123,94.81779521757089,93.926393355788051,328.31426683426378,327.8824373170109,327.61825410736418,323.08720441008501,322.34623781917924,322.90444149585488,319.1867755336894,317.42786448223944
