target,horizon,model,mape,scored,cutoff
generator_1,1,persistence,0.03310945160332308,192,2025-04-07 00:00:00
generator_1,2,persistence,0.04485340570327737,192,2025-04-07 00:00:00
generator_1,3,persistence,0.052547123524338324,192,2025-04-07 00:00:00
generator_1,4,persistence,0.05927319090905214,192,2025-04-07 00:00:00
generator_1,5,persistence,0.06716897373178321,192,2025-04-07 00:00:00
generator_1,6,persistence,0.07246045195360273,192,2025-04-07 00:00:00
generator_1,7,persistence,0.08053477884660447,192,2025-04-07 00:00:00
generator_1,8,persistence,0.08412705457590008,192,2025-04-07 00:00:00
generator_1,12,persistence,0.09887127016970972,192,2025-04-07 00:00:00
generator_1,16,persistence,0.12035358674650472,192,2025-04-07 00:00:00
generator_1,24,persistence,0.1426092353780015,192,2025-04-07 00:00:00
generator_1,32,persistence,0.1725868123043582,192,2025-04-07 00:00:00
generator_1,48,persistence,0.1802356122509107,192,2025-04-07 00:00:00
generator_1,64,persistence,0.19958586998274938,192,2025-04-07 00:00:00
generator_1,72,persistence,0.19873389876556413,192,2025-04-07 00:00:00
generator_1,96,persistence,0.14746790413566058,192,2025-04-07 00:00:00
generator_all,1,persistence,0.0230770669618922,192,2025-04-07 00:00:00
generator_all,2,persistence,0.03959906255389822,192,2025-04-07 00:00:00
generator_all,3,persistence,0.0531174393775008,192,2025-04-07 00:00:00
generator_all,4,persistence,0.06445145371913501,192,2025-04-07 00:00:00
generator_all,5,persistence,0.07475106980289567,192,2025-04-07 00:00:00
generator_all,6,persistence,0.08236674278396303,192,2025-04-07 00:00:00
generator_all,7,persistence,0.0880229652324236,192,2025-04-07 00:00:00
generator_all,8,persistence,0.09265858297568723,192,2025-04-07 00:00:00
generator_all,12,persistence,0.10087447459623546,192,2025-04-07 00:00:00
generator_all,16,persistence,0.10437720785663951,192,2025-04-07 00:00:00
generator_all,24,persistence,0.10795664496293485,192,2025-04-07 00:00:00
generator_all,32,persistence,0.12604316434298765,192,2025-04-07 00:00:00
generator_all,48,persistence,0.12289579132203404,192,2025-04-07 00:00:00
generator_all,64,persistence,0.12637880744896116,192,2025-04-07 00:00:00
generator_all,72,persistence,0.13905095062723524,192,2025-04-07 00:00:00
generator_all,96,persistence,0.12060921308831896,192,2025-04-07 00:00:00
generator_1,1,shared_horizon_lgb,0.07114954922866441,192,2025-04-07 00:00:00
generator_1,2,shared_horizon_lgb,0.07410091837400172,192,2025-04-07 00:00:00
generator_1,3,shared_horizon_lgb,0.07772642857755276,192,2025-04-07 00:00:00
generator_1,4,shared_horizon_lgb,0.08159864854844588,192,2025-04-07 00:00:00
generator_1,5,shared_horizon_lgb,0.08352387489645378,192,2025-04-07 00:00:00
generator_1,6,shared_horizon_lgb,0.08692776993072088,192,2025-04-07 00:00:00
generator_1,7,shared_horizon_lgb,0.08764334549131085,192,2025-04-07 00:00:00
generator_1,8,shared_horizon_lgb,0.08961713557177053,192,2025-04-07 00:00:00
generator_1,12,shared_horizon_lgb,0.0935369379083371,192,2025-04-07 00:00:00
generator_1,16,shared_horizon_lgb,0.10093781343834406,192,2025-04-07 00:00:00
generator_1,24,shared_horizon_lgb,0.10836508045324689,192,2025-04-07 00:00:00
generator_1,32,shared_horizon_lgb,0.11936974569621932,192,2025-04-07 00:00:00
generator_1,48,shared_horizon_lgb,0.1410261516354239,192,2025-04-07 00:00:00
generator_1,64,shared_horizon_lgb,0.14690903299597757,192,2025-04-07 00:00:00
generator_1,72,shared_horizon_lgb,0.1518396639231303,192,2025-04-07 00:00:00
generator_1,96,shared_horizon_lgb,0.15733383763271544,192,2025-04-07 00:00:00
generator_all,1,shared_horizon_lgb,0.040789053260599235,192,2025-04-07 00:00:00
generator_all,2,shared_horizon_lgb,0.04772952103794132,192,2025-04-07 00:00:00
generator_all,3,shared_horizon_lgb,0.05521097602131008,192,2025-04-07 00:00:00
generator_all,4,shared_horizon_lgb,0.06265412489411974,192,2025-04-07 00:00:00
generator_all,5,shared_horizon_lgb,0.0702981421049978,192,2025-04-07 00:00:00
generator_all,6,shared_horizon_lgb,0.0781631825717997,192,2025-04-07 00:00:00
generator_all,7,shared_horizon_lgb,0.08373429137904254,192,2025-04-07 00:00:00
generator_all,8,shared_horizon_lgb,0.08825535593175661,192,2025-04-07 00:00:00
generator_all,12,shared_horizon_lgb,0.09411539481270638,192,2025-04-07 00:00:00
generator_all,16,shared_horizon_lgb,0.09447936330847538,192,2025-04-07 00:00:00
generator_all,24,shared_horizon_lgb,0.09946020248334926,192,2025-04-07 00:00:00
generator_all,32,shared_horizon_lgb,0.10444773308391708,192,2025-04-07 00:00:00
generator_all,48,shared_horizon_lgb,0.10111143380782804,192,2025-04-07 00:00:00
generator_all,64,shared_horizon_lgb,0.10036405428801017,192,2025-04-07 00:00:00
generator_all,72,shared_horizon_lgb,0.09600398861880617,192,2025-04-07 00:00:00
generator_all,96,shared_horizon_lgb,0.09470708505443022,192,2025-04-07 00:00:00
generator_1,1,persistence,0.03310945160332308,192,2025-04-07 00:00:00
generator_1,2,persistence,0.04485340570327737,192,2025-04-07 00:00:00
generator_1,3,persistence,0.052547123524338324,192,2025-04-07 00:00:00
generator_1,4,persistence,0.05927319090905214,192,2025-04-07 00:00:00
generator_1,5,persistence,0.06716897373178321,192,2025-04-07 00:00:00
generator_1,6,persistence,0.07246045195360273,192,2025-04-07 00:00:00
generator_1,7,persistence,0.08053477884660447,192,2025-04-07 00:00:00
generator_1,8,persistence,0.08412705457590008,192,2025-04-07 00:00:00
generator_1,12,persistence,0.09887127016970972,192,2025-04-07 00:00:00
generator_1,16,persistence,0.12035358674650472,192,2025-04-07 00:00:00
generator_1,24,persistence,0.1426092353780015,192,2025-04-07 00:00:00
generator_1,32,persistence,0.1725868123043582,192,2025-04-07 00:00:00
generator_1,48,persistence,0.1802356122509107,192,2025-04-07 00:00:00
generator_1,64,persistence,0.19958586998274938,192,2025-04-07 00:00:00
generator_1,72,persistence,0.19873389876556413,192,2025-04-07 00:00:00
generator_1,96,persistence,0.14746790413566058,192,2025-04-07 00:00:00
generator_all,1,persistence,0.0230770669618922,192,2025-04-07 00:00:00
generator_all,2,persistence,0.03959906255389822,192,2025-04-07 00:00:00
generator_all,3,persistence,0.0531174393775008,192,2025-04-07 00:00:00
generator_all,4,persistence,0.06445145371913501,192,2025-04-07 00:00:00
generator_all,5,persistence,0.07475106980289567,192,2025-04-07 00:00:00
generator_all,6,persistence,0.08236674278396303,192,2025-04-07 00:00:00
generator_all,7,persistence,0.0880229652324236,192,2025-04-07 00:00:00
generator_all,8,persistence,0.09265858297568723,192,2025-04-07 00:00:00
generator_all,12,persistence,0.10087447459623546,192,2025-04-07 00:00:00
generator_all,16,persistence,0.10437720785663951,192,2025-04-07 00:00:00
generator_all,24,persistence,0.10795664496293485,192,2025-04-07 00:00:00
generator_all,32,persistence,0.12604316434298765,192,2025-04-07 00:00:00
generator_all,48,persistence,0.12289579132203404,192,2025-04-07 00:00:00
generator_all,64,persistence,0.12637880744896116,192,2025-04-07 00:00:00
generator_all,72,persistence,0.13905095062723524,192,2025-04-07 00:00:00
generator_all,96,persistence,0.12060921308831896,192,2025-04-07 00:00:00
generator_1,1,ema,0.03852700403444829,192,2025-04-07 00:00:00
generator_1,2,ema,0.04785078715585669,192,2025-04-07 00:00:00
generator_1,3,ema,0.055865271108729804,192,2025-04-07 00:00:00
generator_1,4,ema,0.06280309043616315,192,2025-04-07 00:00:00
generator_1,5,ema,0.06934985854170884,192,2025-04-07 00:00:00
generator_1,6,ema,0.0754278184474018,192,2025-04-07 00:00:00
generator_1,7,ema,0.08107908267571595,192,2025-04-07 00:00:00
generator_1,8,ema,0.0855465101801152,192,2025-04-07 00:00:00
generator_1,12,ema,0.10254910166476645,192,2025-04-07 00:00:00
generator_1,16,ema,0.12153037788386667,192,2025-04-07 00:00:00
generator_1,24,ema,0.14387765736028144,192,2025-04-07 00:00:00
generator_1,32,ema,0.16988383947769992,192,2025-04-07 00:00:00
generator_1,48,ema,0.1755939646476122,192,2025-04-07 00:00:00
generator_1,64,ema,0.19588285807936898,192,2025-04-07 00:00:00
generator_1,72,ema,0.19364798089186497,192,2025-04-07 00:00:00
generator_1,96,ema,0.1413411713291617,192,2025-04-07 00:00:00
generator_all,1,ema,0.03854594564316802,192,2025-04-07 00:00:00
generator_all,2,ema,0.05134993124535402,192,2025-04-07 00:00:00
generator_all,3,ema,0.06252884848561725,192,2025-04-07 00:00:00
generator_all,4,ema,0.07177924305251861,192,2025-04-07 00:00:00
generator_all,5,ema,0.07914659266908257,192,2025-04-07 00:00:00
generator_all,6,ema,0.085676875387267,192,2025-04-07 00:00:00
generator_all,7,ema,0.09021963850604121,192,2025-04-07 00:00:00
generator_all,8,ema,0.09369901982439015,192,2025-04-07 00:00:00
generator_all,12,ema,0.09905735146719008,192,2025-04-07 00:00:00
generator_all,16,ema,0.10012777056122706,192,2025-04-07 00:00:00
generator_all,24,ema,0.10642157259385798,192,2025-04-07 00:00:00
generator_all,32,ema,0.12424642700995846,192,2025-04-07 00:00:00
generator_all,48,ema,0.11765494722968213,192,2025-04-07 00:00:00
generator_all,64,ema,0.12535208272803802,192,2025-04-07 00:00:00
generator_all,72,ema,0.13632498509376326,192,2025-04-07 00:00:00
generator_all,96,ema,0.11862583106363593,192,2025-04-07 00:00:00
generator_1,1,seasonal,0.14565490119127134,192,2025-04-07 00:00:00
generator_1,2,seasonal,0.14505465853024882,192,2025-04-07 00:00:00
generator_1,3,seasonal,0.14447356638984277,192,2025-04-07 00:00:00
generator_1,4,seasonal,0.14455305553451936,192,2025-04-07 00:00:00
generator_1,5,seasonal,0.14420989138381987,192,2025-04-07 00:00:00
generator_1,6,seasonal,0.14387871100136335,192,2025-04-07 00:00:00
generator_1,7,seasonal,0.14328558023639384,192,2025-04-07 00:00:00
generator_1,8,seasonal,0.1429992043606189,192,2025-04-07 00:00:00
generator_1,12,seasonal,0.1444476248218951,192,2025-04-07 00:00:00
generator_1,16,seasonal,0.14373544028969817,192,2025-04-07 00:00:00
generator_1,24,seasonal,0.14459643537411682,192,2025-04-07 00:00:00
generator_1,32,seasonal,0.14942779759172722,192,2025-04-07 00:00:00
generator_1,48,seasonal,0.15258070149495628,192,2025-04-07 00:00:00
generator_1,64,seasonal,0.15522641814234642,192,2025-04-07 00:00:00
generator_1,72,seasonal,0.15290067752710687,192,2025-04-07 00:00:00
generator_1,96,seasonal,0.14746790413566058,192,2025-04-07 00:00:00
generator_all,1,seasonal,0.1344467336063281,192,2025-04-07 00:00:00
generator_all,2,seasonal,0.1334260062918566,192,2025-04-07 00:00:00
generator_all,3,seasonal,0.13229658220422677,192,2025-04-07 00:00:00
generator_all,4,seasonal,0.13148866857051478,192,2025-04-07 00:00:00
generator_all,5,seasonal,0.13091323493627258,192,2025-04-07 00:00:00
generator_all,6,seasonal,0.13034944076667715,192,2025-04-07 00:00:00
generator_all,7,seasonal,0.1299264486239908,192,2025-04-07 00:00:00
generator_all,8,seasonal,0.12986544078214632,192,2025-04-07 00:00:00
generator_all,12,seasonal,0.13269629563093588,192,2025-04-07 00:00:00
generator_all,16,seasonal,0.13447928362977915,192,2025-04-07 00:00:00
generator_all,24,seasonal,0.13690327479416423,192,2025-04-07 00:00:00
generator_all,32,seasonal,0.13792622716331138,192,2025-04-07 00:00:00
generator_all,48,seasonal,0.12744467307179805,192,2025-04-07 00:00:00
generator_all,64,seasonal,0.13266392647353156,192,2025-04-07 00:00:00
generator_all,72,seasonal,0.13008582880941913,192,2025-04-07 00:00:00
generator_all,96,seasonal,0.12060921308831896,192,2025-04-07 00:00:00
generator_1,1,lgb_residual,0.030845123371452756,192,2025-04-07 00:00:00
generator_1,2,lgb_residual,0.04262890991879457,192,2025-04-07 00:00:00
generator_1,3,lgb_residual,0.05109656710890522,192,2025-04-07 00:00:00
generator_1,4,lgb_residual,0.05750360381637643,192,2025-04-07 00:00:00
generator_1,5,lgb_residual,0.06335640157340779,192,2025-04-07 00:00:00
generator_1,6,lgb_residual,0.06767510043595924,192,2025-04-07 00:00:00
generator_1,7,lgb_residual,0.07299044398168465,192,2025-04-07 00:00:00
generator_1,8,lgb_residual,0.07705853508550432,192,2025-04-07 00:00:00
generator_1,12,lgb_residual,0.08811055361175858,192,2025-04-07 00:00:00
generator_1,16,lgb_residual,0.09866786389556041,192,2025-04-07 00:00:00
generator_1,24,lgb_residual,0.10615783858678589,192,2025-04-07 00:00:00
generator_1,32,lgb_residual,0.12136968718062457,192,2025-04-07 00:00:00
generator_1,48,lgb_residual,0.157580259011927,192,2025-04-07 00:00:00
generator_1,64,lgb_residual,0.16614293766553923,192,2025-04-07 00:00:00
generator_1,72,lgb_residual,0.1543867709799326,192,2025-04-07 00:00:00
generator_1,96,lgb_residual,0.1813189780508581,192,2025-04-07 00:00:00
generator_all,1,lgb_residual,0.02081530458466418,192,2025-04-07 00:00:00
generator_all,2,lgb_residual,0.03665437411888667,192,2025-04-07 00:00:00
generator_all,3,lgb_residual,0.048723266075146314,192,2025-04-07 00:00:00
generator_all,4,lgb_residual,0.059809864901313736,192,2025-04-07 00:00:00
generator_all,5,lgb_residual,0.06956730452935293,192,2025-04-07 00:00:00
generator_all,6,lgb_residual,0.07478239215293134,192,2025-04-07 00:00:00
generator_all,7,lgb_residual,0.07599476904827046,192,2025-04-07 00:00:00
generator_all,8,lgb_residual,0.07911535989539077,192,2025-04-07 00:00:00
generator_all,12,lgb_residual,0.08330855436914404,192,2025-04-07 00:00:00
generator_all,16,lgb_residual,0.08390354771639662,192,2025-04-07 00:00:00
generator_all,24,lgb_residual,0.09312745963523199,192,2025-04-07 00:00:00
generator_all,32,lgb_residual,0.10794286674155466,192,2025-04-07 00:00:00
generator_all,48,lgb_residual,0.09710465478286996,192,2025-04-07 00:00:00
generator_all,64,lgb_residual,0.09394070175607148,192,2025-04-07 00:00:00
generator_all,72,lgb_residual,0.10020818868533182,192,2025-04-07 00:00:00
generator_all,96,lgb_residual,0.11572751300758018,192,2025-04-07 00:00:00
generator_1,1,cat_residual,0.03139332509989196,192,2025-04-07 00:00:00
generator_1,2,cat_residual,0.042952689498250145,192,2025-04-07 00:00:00
generator_1,3,cat_residual,0.050799704089927435,192,2025-04-07 00:00:00
generator_1,4,cat_residual,0.05813219101282938,192,2025-04-07 00:00:00
generator_1,5,cat_residual,0.06376690357415267,192,2025-04-07 00:00:00
generator_1,6,cat_residual,0.06904011176253465,192,2025-04-07 00:00:00
generator_1,7,cat_residual,0.07350183483156937,192,2025-04-07 00:00:00
generator_1,8,cat_residual,0.07832938437715913,192,2025-04-07 00:00:00
generator_1,12,cat_residual,0.09128658950328543,192,2025-04-07 00:00:00
generator_1,16,cat_residual,0.10123513829547663,192,2025-04-07 00:00:00
generator_1,24,cat_residual,0.10346392983887633,192,2025-04-07 00:00:00
generator_1,32,cat_residual,0.12580911256820784,192,2025-04-07 00:00:00
generator_1,48,cat_residual,0.14879077868428198,192,2025-04-07 00:00:00
generator_1,64,cat_residual,0.14004605990661523,192,2025-04-07 00:00:00
generator_1,72,cat_residual,0.153801930207803,192,2025-04-07 00:00:00
generator_1,96,cat_residual,0.16298825432800199,192,2025-04-07 00:00:00
generator_all,1,cat_residual,0.02091136871679596,192,2025-04-07 00:00:00
generator_all,2,cat_residual,0.03648048364444168,192,2025-04-07 00:00:00
generator_all,3,cat_residual,0.04890998083526199,192,2025-04-07 00:00:00
generator_all,4,cat_residual,0.059741054141806575,192,2025-04-07 00:00:00
generator_all,5,cat_residual,0.06846565607267482,192,2025-04-07 00:00:00
generator_all,6,cat_residual,0.07492625302291477,192,2025-04-07 00:00:00
generator_all,7,cat_residual,0.0770422529796491,192,2025-04-07 00:00:00
generator_all,8,cat_residual,0.07818563281815981,192,2025-04-07 00:00:00
generator_all,12,cat_residual,0.08034590640114932,192,2025-04-07 00:00:00
generator_all,16,cat_residual,0.08812517916661262,192,2025-04-07 00:00:00
generator_all,24,cat_residual,0.09020196358681963,192,2025-04-07 00:00:00
generator_all,32,cat_residual,0.1011932403525041,192,2025-04-07 00:00:00
generator_all,48,cat_residual,0.09219327166129898,192,2025-04-07 00:00:00
generator_all,64,cat_residual,0.09107078164249068,192,2025-04-07 00:00:00
generator_all,72,cat_residual,0.09423459487877955,192,2025-04-07 00:00:00
generator_all,96,cat_residual,0.11182647571726516,192,2025-04-07 00:00:00
generator_1,1,persistence,0.02401580692583923,192,2025-04-18 00:00:00
generator_1,2,persistence,0.03474153368294345,192,2025-04-18 00:00:00
generator_1,3,persistence,0.040630106921016984,192,2025-04-18 00:00:00
generator_1,4,persistence,0.04814737840543265,192,2025-04-18 00:00:00
generator_1,5,persistence,0.05604040020286354,192,2025-04-18 00:00:00
generator_1,6,persistence,0.062282726111680536,192,2025-04-18 00:00:00
generator_1,7,persistence,0.06840989761921078,192,2025-04-18 00:00:00
generator_1,8,persistence,0.07312403115354368,192,2025-04-18 00:00:00
generator_1,12,persistence,0.08849010552376964,192,2025-04-18 00:00:00
generator_1,16,persistence,0.10435389430450603,192,2025-04-18 00:00:00
generator_1,24,persistence,0.12457879550224,192,2025-04-18 00:00:00
generator_1,32,persistence,0.13328272860481158,192,2025-04-18 00:00:00
generator_1,48,persistence,0.1650718011430926,192,2025-04-18 00:00:00
generator_1,64,persistence,0.19512425484554885,192,2025-04-18 00:00:00
generator_1,72,persistence,0.19837559140232996,192,2025-04-18 00:00:00
generator_1,96,persistence,0.18854713519983002,192,2025-04-18 00:00:00
generator_all,1,persistence,0.012610410711453345,192,2025-04-18 00:00:00
generator_all,2,persistence,0.019055764592194883,192,2025-04-18 00:00:00
generator_all,3,persistence,0.023513436075871686,192,2025-04-18 00:00:00
generator_all,4,persistence,0.028157963242909385,192,2025-04-18 00:00:00
generator_all,5,persistence,0.03331955650529873,192,2025-04-18 00:00:00
generator_all,6,persistence,0.037470871292010516,192,2025-04-18 00:00:00
generator_all,7,persistence,0.041090605716917195,192,2025-04-18 00:00:00
generator_all,8,persistence,0.04463086453313329,192,2025-04-18 00:00:00
generator_all,12,persistence,0.05519852633664853,192,2025-04-18 00:00:00
generator_all,16,persistence,0.06432054145012113,192,2025-04-18 00:00:00
generator_all,24,persistence,0.07964753263336162,192,2025-04-18 00:00:00
generator_all,32,persistence,0.09613470829116366,192,2025-04-18 00:00:00
generator_all,48,persistence,0.13524256379255015,192,2025-04-18 00:00:00
generator_all,64,persistence,0.17968164480900015,192,2025-04-18 00:00:00
generator_all,72,persistence,0.19974708645371997,192,2025-04-18 00:00:00
generator_all,96,persistence,0.2195812733844803,192,2025-04-18 00:00:00
generator_1,1,shared_horizon_lgb,0.07912878204068824,192,2025-04-18 00:00:00
generator_1,2,shared_horizon_lgb,0.08381781066144568,192,2025-04-18 00:00:00
generator_1,3,shared_horizon_lgb,0.08717868261601043,192,2025-04-18 00:00:00
generator_1,4,shared_horizon_lgb,0.09107034052051026,192,2025-04-18 00:00:00
generator_1,5,shared_horizon_lgb,0.09438000843527283,192,2025-04-18 00:00:00
generator_1,6,shared_horizon_lgb,0.09773621715887781,192,2025-04-18 00:00:00
generator_1,7,shared_horizon_lgb,0.1010755568888977,192,2025-04-18 00:00:00
generator_1,8,shared_horizon_lgb,0.10334301440486438,192,2025-04-18 00:00:00
generator_1,12,shared_horizon_lgb,0.11378091158257407,192,2025-04-18 00:00:00
generator_1,16,shared_horizon_lgb,0.1273005966594822,192,2025-04-18 00:00:00
generator_1,24,shared_horizon_lgb,0.14790434956472479,192,2025-04-18 00:00:00
generator_1,32,shared_horizon_lgb,0.16474288401816178,192,2025-04-18 00:00:00
generator_1,48,shared_horizon_lgb,0.19291551243658436,192,2025-04-18 00:00:00
generator_1,64,shared_horizon_lgb,0.22197292987929837,192,2025-04-18 00:00:00
generator_1,72,shared_horizon_lgb,0.22669287085690168,192,2025-04-18 00:00:00
generator_1,96,shared_horizon_lgb,0.23111092755592563,192,2025-04-18 00:00:00
generator_all,1,shared_horizon_lgb,0.050487333678308176,192,2025-04-18 00:00:00
generator_all,2,shared_horizon_lgb,0.052131744630865305,192,2025-04-18 00:00:00
generator_all,3,shared_horizon_lgb,0.054949988837658705,192,2025-04-18 00:00:00
generator_all,4,shared_horizon_lgb,0.058413996116084665,192,2025-04-18 00:00:00
generator_all,5,shared_horizon_lgb,0.061899160689844156,192,2025-04-18 00:00:00
generator_all,6,shared_horizon_lgb,0.06399751040463748,192,2025-04-18 00:00:00
generator_all,7,shared_horizon_lgb,0.07029694853738046,192,2025-04-18 00:00:00
generator_all,8,shared_horizon_lgb,0.07500090638549549,192,2025-04-18 00:00:00
generator_all,12,shared_horizon_lgb,0.08615734848487505,192,2025-04-18 00:00:00
generator_all,16,shared_horizon_lgb,0.09262630775532839,192,2025-04-18 00:00:00
generator_all,24,shared_horizon_lgb,0.09926235201895058,192,2025-04-18 00:00:00
generator_all,32,shared_horizon_lgb,0.11550354284062013,192,2025-04-18 00:00:00
generator_all,48,shared_horizon_lgb,0.1398441387328225,192,2025-04-18 00:00:00
generator_all,64,shared_horizon_lgb,0.17177033835229757,192,2025-04-18 00:00:00
generator_all,72,shared_horizon_lgb,0.1836674042938582,192,2025-04-18 00:00:00
generator_all,96,shared_horizon_lgb,0.18812651617299056,192,2025-04-18 00:00:00
generator_1,1,persistence,0.02401580692583923,192,2025-04-18 00:00:00
generator_1,2,persistence,0.03474153368294345,192,2025-04-18 00:00:00
generator_1,3,persistence,0.040630106921016984,192,2025-04-18 00:00:00
generator_1,4,persistence,0.04814737840543265,192,2025-04-18 00:00:00
generator_1,5,persistence,0.05604040020286354,192,2025-04-18 00:00:00
generator_1,6,persistence,0.062282726111680536,192,2025-04-18 00:00:00
generator_1,7,persistence,0.06840989761921078,192,2025-04-18 00:00:00
generator_1,8,persistence,0.07312403115354368,192,2025-04-18 00:00:00
generator_1,12,persistence,0.08849010552376964,192,2025-04-18 00:00:00
generator_1,16,persistence,0.10435389430450603,192,2025-04-18 00:00:00
generator_1,24,persistence,0.12457879550224,192,2025-04-18 00:00:00
generator_1,32,persistence,0.13328272860481158,192,2025-04-18 00:00:00
generator_1,48,persistence,0.1650718011430926,192,2025-04-18 00:00:00
generator_1,64,persistence,0.19512425484554885,192,2025-04-18 00:00:00
generator_1,72,persistence,0.19837559140232996,192,2025-04-18 00:00:00
generator_1,96,persistence,0.18854713519983002,192,2025-04-18 00:00:00
generator_all,1,persistence,0.012610410711453345,192,2025-04-18 00:00:00
generator_all,2,persistence,0.019055764592194883,192,2025-04-18 00:00:00
generator_all,3,persistence,0.023513436075871686,192,2025-04-18 00:00:00
generator_all,4,persistence,0.028157963242909385,192,2025-04-18 00:00:00
generator_all,5,persistence,0.03331955650529873,192,2025-04-18 00:00:00
generator_all,6,persistence,0.037470871292010516,192,2025-04-18 00:00:00
generator_all,7,persistence,0.041090605716917195,192,2025-04-18 00:00:00
generator_all,8,persistence,0.04463086453313329,192,2025-04-18 00:00:00
generator_all,12,persistence,0.05519852633664853,192,2025-04-18 00:00:00
generator_all,16,persistence,0.06432054145012113,192,2025-04-18 00:00:00
generator_all,24,persistence,0.07964753263336162,192,2025-04-18 00:00:00
generator_all,32,persistence,0.09613470829116366,192,2025-04-18 00:00:00
generator_all,48,persistence,0.13524256379255015,192,2025-04-18 00:00:00
generator_all,64,persistence,0.17968164480900015,192,2025-04-18 00:00:00
generator_all,72,persistence,0.19974708645371997,192,2025-04-18 00:00:00
generator_all,96,persistence,0.2195812733844803,192,2025-04-18 00:00:00
generator_1,1,ema,0.029922158802882917,192,2025-04-18 00:00:00
generator_1,2,ema,0.03902237762462346,192,2025-04-18 00:00:00
generator_1,3,ema,0.04658687487198052,192,2025-04-18 00:00:00
generator_1,4,ema,0.05409663747980503,192,2025-04-18 00:00:00
generator_1,5,ema,0.06030449450606429,192,2025-04-18 00:00:00
generator_1,6,ema,0.06631375623144961,192,2025-04-18 00:00:00
generator_1,7,ema,0.07200964079829568,192,2025-04-18 00:00:00
generator_1,8,ema,0.07678053939915276,192,2025-04-18 00:00:00
generator_1,12,ema,0.0928180305429603,192,2025-04-18 00:00:00
generator_1,16,ema,0.10679012765296929,192,2025-04-18 00:00:00
generator_1,24,ema,0.12427460222723476,192,2025-04-18 00:00:00
generator_1,32,ema,0.1322960036871023,192,2025-04-18 00:00:00
generator_1,48,ema,0.16726499468917713,192,2025-04-18 00:00:00
generator_1,64,ema,0.19596448431317426,192,2025-04-18 00:00:00
generator_1,72,ema,0.19800709475843484,192,2025-04-18 00:00:00
generator_1,96,ema,0.1904902025369398,192,2025-04-18 00:00:00
generator_all,1,ema,0.016797285434878052,192,2025-04-18 00:00:00
generator_all,2,ema,0.022629115120149687,192,2025-04-18 00:00:00
generator_all,3,ema,0.027401700887386637,192,2025-04-18 00:00:00
generator_all,4,ema,0.03216532311399587,192,2025-04-18 00:00:00
generator_all,5,ema,0.03643765040378829,192,2025-04-18 00:00:00
generator_all,6,ema,0.04033840168095113,192,2025-04-18 00:00:00
generator_all,7,ema,0.043966311855655305,192,2025-04-18 00:00:00
generator_all,8,ema,0.04725330877801536,192,2025-04-18 00:00:00
generator_all,12,ema,0.05678894515213384,192,2025-04-18 00:00:00
generator_all,16,ema,0.06514673223345822,192,2025-04-18 00:00:00
generator_all,24,ema,0.08178645714668557,192,2025-04-18 00:00:00
generator_all,32,ema,0.09849757469470799,192,2025-04-18 00:00:00
generator_all,48,ema,0.1387783071550977,192,2025-04-18 00:00:00
generator_all,64,ema,0.18300480288818788,192,2025-04-18 00:00:00
generator_all,72,ema,0.20275134588304441,192,2025-04-18 00:00:00
generator_all,96,ema,0.21899645664334788,192,2025-04-18 00:00:00
generator_1,1,seasonal,0.3800885964424989,192,2025-04-18 00:00:00
generator_1,2,seasonal,0.3797215604972186,192,2025-04-18 00:00:00
generator_1,3,seasonal,0.3791502723644429,192,2025-04-18 00:00:00
generator_1,4,seasonal,0.3784381064639615,192,2025-04-18 00:00:00
generator_1,5,seasonal,0.37731780963621847,192,2025-04-18 00:00:00
generator_1,6,seasonal,0.37670637397887413,192,2025-04-18 00:00:00
generator_1,7,seasonal,0.3759196769200472,192,2025-04-18 00:00:00
generator_1,8,seasonal,0.3754558162886501,192,2025-04-18 00:00:00
generator_1,12,seasonal,0.37432315145941564,192,2025-04-18 00:00:00
generator_1,16,seasonal,0.37018005643329,192,2025-04-18 00:00:00
generator_1,24,seasonal,0.3545178999854055,192,2025-04-18 00:00:00
generator_1,32,seasonal,0.34175914956906867,192,2025-04-18 00:00:00
generator_1,48,seasonal,0.3032727456641808,192,2025-04-18 00:00:00
generator_1,64,seasonal,0.2646945251418245,192,2025-04-18 00:00:00
generator_1,72,seasonal,0.24750720848273203,192,2025-04-18 00:00:00
generator_1,96,seasonal,0.18854713519983002,192,2025-04-18 00:00:00
generator_all,1,seasonal,0.13668283071126472,192,2025-04-18 00:00:00
generator_all,2,seasonal,0.13769632604043533,192,2025-04-18 00:00:00
generator_all,3,seasonal,0.1385498920520429,192,2025-04-18 00:00:00
generator_all,4,seasonal,0.13943818201085725,192,2025-04-18 00:00:00
generator_all,5,seasonal,0.14007491930666063,192,2025-04-18 00:00:00
generator_all,6,seasonal,0.14081436595559269,192,2025-04-18 00:00:00
generator_all,7,seasonal,0.14160755137078165,192,2025-04-18 00:00:00
generator_all,8,seasonal,0.1426808850891005,192,2025-04-18 00:00:00
generator_all,12,seasonal,0.14563696894339442,192,2025-04-18 00:00:00
generator_all,16,seasonal,0.1500701654540343,192,2025-04-18 00:00:00
generator_all,24,seasonal,0.1627002821902939,192,2025-04-18 00:00:00
generator_all,32,seasonal,0.17685720861378276,192,2025-04-18 00:00:00
generator_all,48,seasonal,0.198468698395268,192,2025-04-18 00:00:00
generator_all,64,seasonal,0.2177641009549622,192,2025-04-18 00:00:00
generator_all,72,seasonal,0.2250815665162679,192,2025-04-18 00:00:00
generator_all,96,seasonal,0.2195812733844803,192,2025-04-18 00:00:00
generator_1,1,lgb_residual,0.023922569836164486,192,2025-04-18 00:00:00
generator_1,2,lgb_residual,0.034292214497205785,192,2025-04-18 00:00:00
generator_1,3,lgb_residual,0.040225493808429484,192,2025-04-18 00:00:00
generator_1,4,lgb_residual,0.048033381096537375,192,2025-04-18 00:00:00
generator_1,5,lgb_residual,0.055706234696000355,192,2025-04-18 00:00:00
generator_1,6,lgb_residual,0.06266672843174616,192,2025-04-18 00:00:00
generator_1,7,lgb_residual,0.06824772998345992,192,2025-04-18 00:00:00
generator_1,8,lgb_residual,0.07262636829520563,192,2025-04-18 00:00:00
generator_1,12,lgb_residual,0.08590365088214628,192,2025-04-18 00:00:00
generator_1,16,lgb_residual,0.10378548972385797,192,2025-04-18 00:00:00
generator_1,24,lgb_residual,0.12415286279093195,192,2025-04-18 00:00:00
generator_1,32,lgb_residual,0.13858636350108736,192,2025-04-18 00:00:00
generator_1,48,lgb_residual,0.18171817225513198,192,2025-04-18 00:00:00
generator_1,64,lgb_residual,0.2101021093803499,192,2025-04-18 00:00:00
generator_1,72,lgb_residual,0.23514935771766088,192,2025-04-18 00:00:00
generator_1,96,lgb_residual,0.2638699876890879,192,2025-04-18 00:00:00
generator_all,1,lgb_residual,0.011783886446850363,192,2025-04-18 00:00:00
generator_all,2,lgb_residual,0.017701802195010222,192,2025-04-18 00:00:00
generator_all,3,lgb_residual,0.021584818074472958,192,2025-04-18 00:00:00
generator_all,4,lgb_residual,0.026402448018917574,192,2025-04-18 00:00:00
generator_all,5,lgb_residual,0.03177895121137466,192,2025-04-18 00:00:00
generator_all,6,lgb_residual,0.03504145783902855,192,2025-04-18 00:00:00
generator_all,7,lgb_residual,0.03849259318601946,192,2025-04-18 00:00:00
generator_all,8,lgb_residual,0.0417944000745362,192,2025-04-18 00:00:00
generator_all,12,lgb_residual,0.05287541247372126,192,2025-04-18 00:00:00
generator_all,16,lgb_residual,0.062020644514019396,192,2025-04-18 00:00:00
generator_all,24,lgb_residual,0.078397272135026,192,2025-04-18 00:00:00
generator_all,32,lgb_residual,0.09625310706707348,192,2025-04-18 00:00:00
generator_all,48,lgb_residual,0.1408447855134964,192,2025-04-18 00:00:00
generator_all,64,lgb_residual,0.1915475021830316,192,2025-04-18 00:00:00
generator_all,72,lgb_residual,0.22875919860969643,192,2025-04-18 00:00:00
generator_all,96,lgb_residual,0.22911691732256323,192,2025-04-18 00:00:00
generator_1,1,cat_residual,0.024125872723667886,192,2025-04-18 00:00:00
generator_1,2,cat_residual,0.03408798934605354,192,2025-04-18 00:00:00
generator_1,3,cat_residual,0.04023733710440258,192,2025-04-18 00:00:00
generator_1,4,cat_residual,0.04790027364614103,192,2025-04-18 00:00:00
generator_1,5,cat_residual,0.05493760856444782,192,2025-04-18 00:00:00
generator_1,6,cat_residual,0.061741034425651854,192,2025-04-18 00:00:00
generator_1,7,cat_residual,0.06798253683323051,192,2025-04-18 00:00:00
generator_1,8,cat_residual,0.07251098015774739,192,2025-04-18 00:00:00
generator_1,12,cat_residual,0.08603660538500779,192,2025-04-18 00:00:00
generator_1,16,cat_residual,0.10269235429083202,192,2025-04-18 00:00:00
generator_1,24,cat_residual,0.1263966133697172,192,2025-04-18 00:00:00
generator_1,32,cat_residual,0.1339544089234611,192,2025-04-18 00:00:00
generator_1,48,cat_residual,0.17670933672607889,192,2025-04-18 00:00:00
generator_1,64,cat_residual,0.21164118700198276,192,2025-04-18 00:00:00
generator_1,72,cat_residual,0.2231695609237695,192,2025-04-18 00:00:00
generator_1,96,cat_residual,0.24455180995221415,192,2025-04-18 00:00:00
generator_all,1,cat_residual,0.011961875658803666,192,2025-04-18 00:00:00
generator_all,2,cat_residual,0.017639631800098202,192,2025-04-18 00:00:00
generator_all,3,cat_residual,0.02164736783647016,192,2025-04-18 00:00:00
generator_all,4,cat_residual,0.027072543642286544,192,2025-04-18 00:00:00
generator_all,5,cat_residual,0.03192289193214732,192,2025-04-18 00:00:00
generator_all,6,cat_residual,0.0374630560464177,192,2025-04-18 00:00:00
generator_all,7,cat_residual,0.03881694435817528,192,2025-04-18 00:00:00
generator_all,8,cat_residual,0.044308214965348765,192,2025-04-18 00:00:00
generator_all,12,cat_residual,0.052283217147502004,192,2025-04-18 00:00:00
generator_all,16,cat_residual,0.06373952035840542,192,2025-04-18 00:00:00
generator_all,24,cat_residual,0.08631249660129205,192,2025-04-18 00:00:00
generator_all,32,cat_residual,0.10141583141003054,192,2025-04-18 00:00:00
generator_all,48,cat_residual,0.15427409068821316,192,2025-04-18 00:00:00
generator_all,64,cat_residual,0.179071372509933,192,2025-04-18 00:00:00
generator_all,72,cat_residual,0.20045072367882347,192,2025-04-18 00:00:00
generator_all,96,cat_residual,0.22090146395218388,192,2025-04-18 00:00:00
