cutoff,target,horizon,model,mape
2025-04-07 00:00:00,generator_1,1,persistence,0.03310945160332308
2025-04-07 00:00:00,generator_1,1,ema,0.03852700403444829
2025-04-07 00:00:00,generator_1,1,seasonal,0.14565490119127134
2025-04-07 00:00:00,generator_1,1,lgb_residual,0.030770468007264306
2025-04-07 00:00:00,generator_1,1,cat_residual,0.03139277649986454
2025-04-07 00:00:00,generator_1,2,persistence,0.04485340570327737
2025-04-07 00:00:00,generator_1,2,ema,0.04785078715585669
2025-04-07 00:00:00,generator_1,2,seasonal,0.14505465853024882
2025-04-07 00:00:00,generator_1,2,lgb_residual,0.04290700692774926
2025-04-07 00:00:00,generator_1,2,cat_residual,0.04289019881749575
2025-04-07 00:00:00,generator_1,3,persistence,0.052547123524338324
2025-04-07 00:00:00,generator_1,3,ema,0.055865271108729804
2025-04-07 00:00:00,generator_1,3,seasonal,0.14447356638984277
2025-04-07 00:00:00,generator_1,3,lgb_residual,0.05118514858917126
2025-04-07 00:00:00,generator_1,3,cat_residual,0.051503865605663335
2025-04-07 00:00:00,generator_1,4,persistence,0.05927319090905214
2025-04-07 00:00:00,generator_1,4,ema,0.06280309043616315
2025-04-07 00:00:00,generator_1,4,seasonal,0.14455305553451936
2025-04-07 00:00:00,generator_1,4,lgb_residual,0.05803410288341832
2025-04-07 00:00:00,generator_1,4,cat_residual,0.0576810850622639
2025-04-07 00:00:00,generator_1,5,persistence,0.06716897373178321
2025-04-07 00:00:00,generator_1,5,ema,0.06934985854170884
2025-04-07 00:00:00,generator_1,5,seasonal,0.14420989138381987
2025-04-07 00:00:00,generator_1,5,lgb_residual,0.06259838033657737
2025-04-07 00:00:00,generator_1,5,cat_residual,0.06427024374576623
2025-04-07 00:00:00,generator_1,6,persistence,0.07246045195360273
2025-04-07 00:00:00,generator_1,6,ema,0.0754278184474018
2025-04-07 00:00:00,generator_1,6,seasonal,0.14387871100136335
2025-04-07 00:00:00,generator_1,6,lgb_residual,0.06632011169037755
2025-04-07 00:00:00,generator_1,6,cat_residual,0.06725043012135408
2025-04-07 00:00:00,generator_1,7,persistence,0.08053477884660447
2025-04-07 00:00:00,generator_1,7,ema,0.08107908267571595
2025-04-07 00:00:00,generator_1,7,seasonal,0.14328558023639384
2025-04-07 00:00:00,generator_1,7,lgb_residual,0.07216767848808432
2025-04-07 00:00:00,generator_1,7,cat_residual,0.07343482284280732
2025-04-07 00:00:00,generator_1,8,persistence,0.08412705457590008
2025-04-07 00:00:00,generator_1,8,ema,0.0855465101801152
2025-04-07 00:00:00,generator_1,8,seasonal,0.1429992043606189
2025-04-07 00:00:00,generator_1,8,lgb_residual,0.07592463148154852
2025-04-07 00:00:00,generator_1,8,cat_residual,0.07686597132585231
2025-04-07 00:00:00,generator_1,16,persistence,0.12035358674650472
2025-04-07 00:00:00,generator_1,16,ema,0.12153037788386667
2025-04-07 00:00:00,generator_1,16,seasonal,0.14373544028969817
2025-04-07 00:00:00,generator_1,16,lgb_residual,0.09857668787106295
2025-04-07 00:00:00,generator_1,16,cat_residual,0.09937885542107656
2025-04-07 00:00:00,generator_1,24,persistence,0.1426092353780015
2025-04-07 00:00:00,generator_1,24,ema,0.14387765736028144
2025-04-07 00:00:00,generator_1,24,seasonal,0.14459643537411682
2025-04-07 00:00:00,generator_1,24,lgb_residual,0.10788308912187415
2025-04-07 00:00:00,generator_1,24,cat_residual,0.10254163880210522
2025-04-07 00:00:00,generator_1,48,persistence,0.1802356122509107
2025-04-07 00:00:00,generator_1,48,ema,0.1755939646476122
2025-04-07 00:00:00,generator_1,48,seasonal,0.15258070149495628
2025-04-07 00:00:00,generator_1,48,lgb_residual,0.14834870211467205
2025-04-07 00:00:00,generator_1,48,cat_residual,0.14961473270685943
2025-04-07 00:00:00,generator_1,96,persistence,0.14746790413566058
2025-04-07 00:00:00,generator_1,96,ema,0.1413411713291617
2025-04-07 00:00:00,generator_1,96,seasonal,0.14746790413566058
2025-04-07 00:00:00,generator_1,96,lgb_residual,0.1620781322783311
2025-04-07 00:00:00,generator_1,96,cat_residual,0.16446769451635132
2025-04-07 00:00:00,generator_all,1,persistence,0.0230770669618922
2025-04-07 00:00:00,generator_all,1,ema,0.03854594564316802
2025-04-07 00:00:00,generator_all,1,seasonal,0.1344467336063281
2025-04-07 00:00:00,generator_all,1,lgb_residual,0.020958166026281127
2025-04-07 00:00:00,generator_all,1,cat_residual,0.021086200296565993
2025-04-07 00:00:00,generator_all,2,persistence,0.03959906255389822
2025-04-07 00:00:00,generator_all,2,ema,0.05134993124535402
2025-04-07 00:00:00,generator_all,2,seasonal,0.1334260062918566
2025-04-07 00:00:00,generator_all,2,lgb_residual,0.0369342587726254
2025-04-07 00:00:00,generator_all,2,cat_residual,0.03633869721111602
2025-04-07 00:00:00,generator_all,3,persistence,0.0531174393775008
2025-04-07 00:00:00,generator_all,3,ema,0.06252884848561725
2025-04-07 00:00:00,generator_all,3,seasonal,0.13229658220422677
2025-04-07 00:00:00,generator_all,3,lgb_residual,0.049050829184756284
2025-04-07 00:00:00,generator_all,3,cat_residual,0.04868142157206753
2025-04-07 00:00:00,generator_all,4,persistence,0.06445145371913501
2025-04-07 00:00:00,generator_all,4,ema,0.07177924305251861
2025-04-07 00:00:00,generator_all,4,seasonal,0.13148866857051478
2025-04-07 00:00:00,generator_all,4,lgb_residual,0.060845216832023374
2025-04-07 00:00:00,generator_all,4,cat_residual,0.060335674051276884
2025-04-07 00:00:00,generator_all,5,persistence,0.07475106980289567
2025-04-07 00:00:00,generator_all,5,ema,0.07914659266908257
2025-04-07 00:00:00,generator_all,5,seasonal,0.13091323493627258
2025-04-07 00:00:00,generator_all,5,lgb_residual,0.06927369357764679
2025-04-07 00:00:00,generator_all,5,cat_residual,0.06933390256308981
2025-04-07 00:00:00,generator_all,6,persistence,0.08236674278396303
2025-04-07 00:00:00,generator_all,6,ema,0.085676875387267
2025-04-07 00:00:00,generator_all,6,seasonal,0.13034944076667715
2025-04-07 00:00:00,generator_all,6,lgb_residual,0.07520600802314276
2025-04-07 00:00:00,generator_all,6,cat_residual,0.07572342416994815
2025-04-07 00:00:00,generator_all,7,persistence,0.0880229652324236
2025-04-07 00:00:00,generator_all,7,ema,0.09021963850604121
2025-04-07 00:00:00,generator_all,7,seasonal,0.1299264486239908
2025-04-07 00:00:00,generator_all,7,lgb_residual,0.07778583770168188
2025-04-07 00:00:00,generator_all,7,cat_residual,0.07700331708203935
2025-04-07 00:00:00,generator_all,8,persistence,0.09265858297568723
2025-04-07 00:00:00,generator_all,8,ema,0.09369901982439015
2025-04-07 00:00:00,generator_all,8,seasonal,0.12986544078214632
2025-04-07 00:00:00,generator_all,8,lgb_residual,0.08276276679437074
2025-04-07 00:00:00,generator_all,8,cat_residual,0.07940608488174974
2025-04-07 00:00:00,generator_all,16,persistence,0.10437720785663951
2025-04-07 00:00:00,generator_all,16,ema,0.10012777056122706
2025-04-07 00:00:00,generator_all,16,seasonal,0.13447928362977915
2025-04-07 00:00:00,generator_all,16,lgb_residual,0.09332805295011161
2025-04-07 00:00:00,generator_all,16,cat_residual,0.09363844839538749
2025-04-07 00:00:00,generator_all,24,persistence,0.10795664496293485
2025-04-07 00:00:00,generator_all,24,ema,0.10642157259385798
2025-04-07 00:00:00,generator_all,24,seasonal,0.13690327479416423
2025-04-07 00:00:00,generator_all,24,lgb_residual,0.10183253805712056
2025-04-07 00:00:00,generator_all,24,cat_residual,0.09253921534651006
2025-04-07 00:00:00,generator_all,48,persistence,0.12289579132203404
2025-04-07 00:00:00,generator_all,48,ema,0.11765494722968213
2025-04-07 00:00:00,generator_all,48,seasonal,0.12744467307179805
2025-04-07 00:00:00,generator_all,48,lgb_residual,0.09902937328359047
2025-04-07 00:00:00,generator_all,48,cat_residual,0.09049455068862187
2025-04-07 00:00:00,generator_all,96,persistence,0.12060921308831896
2025-04-07 00:00:00,generator_all,96,ema,0.11862583106363593
2025-04-07 00:00:00,generator_all,96,seasonal,0.12060921308831896
2025-04-07 00:00:00,generator_all,96,lgb_residual,0.13244845188732454
2025-04-07 00:00:00,generator_all,96,cat_residual,0.1429613038714443
2025-04-18 00:00:00,generator_1,1,persistence,0.02401580692583923
2025-04-18 00:00:00,generator_1,1,ema,0.029922158802882917
2025-04-18 00:00:00,generator_1,1,seasonal,0.3800885964424989
2025-04-18 00:00:00,generator_1,1,lgb_residual,0.023879418175813762
2025-04-18 00:00:00,generator_1,1,cat_residual,0.024240959533731798
2025-04-18 00:00:00,generator_1,2,persistence,0.03474153368294345
2025-04-18 00:00:00,generator_1,2,ema,0.03902237762462346
2025-04-18 00:00:00,generator_1,2,seasonal,0.3797215604972186
2025-04-18 00:00:00,generator_1,2,lgb_residual,0.03434736074558389
2025-04-18 00:00:00,generator_1,2,cat_residual,0.03456356837211119
2025-04-18 00:00:00,generator_1,3,persistence,0.040630106921016984
2025-04-18 00:00:00,generator_1,3,ema,0.04658687487198052
2025-04-18 00:00:00,generator_1,3,seasonal,0.3791502723644429
2025-04-18 00:00:00,generator_1,3,lgb_residual,0.039929644648865455
2025-04-18 00:00:00,generator_1,3,cat_residual,0.0399192745129496
2025-04-18 00:00:00,generator_1,4,persistence,0.04814737840543265
2025-04-18 00:00:00,generator_1,4,ema,0.05409663747980503
2025-04-18 00:00:00,generator_1,4,seasonal,0.3784381064639615
2025-04-18 00:00:00,generator_1,4,lgb_residual,0.048121340590027255
2025-04-18 00:00:00,generator_1,4,cat_residual,0.0473726667716635
2025-04-18 00:00:00,generator_1,5,persistence,0.05604040020286354
2025-04-18 00:00:00,generator_1,5,ema,0.06030449450606429
2025-04-18 00:00:00,generator_1,5,seasonal,0.37731780963621847
2025-04-18 00:00:00,generator_1,5,lgb_residual,0.05526530751486519
2025-04-18 00:00:00,generator_1,5,cat_residual,0.055865366720269115
2025-04-18 00:00:00,generator_1,6,persistence,0.062282726111680536
2025-04-18 00:00:00,generator_1,6,ema,0.06631375623144961
2025-04-18 00:00:00,generator_1,6,seasonal,0.37670637397887413
2025-04-18 00:00:00,generator_1,6,lgb_residual,0.062354153892255404
2025-04-18 00:00:00,generator_1,6,cat_residual,0.06489257163283031
2025-04-18 00:00:00,generator_1,7,persistence,0.06840989761921078
2025-04-18 00:00:00,generator_1,7,ema,0.07200964079829568
2025-04-18 00:00:00,generator_1,7,seasonal,0.3759196769200472
2025-04-18 00:00:00,generator_1,7,lgb_residual,0.0678981269950283
2025-04-18 00:00:00,generator_1,7,cat_residual,0.0673866159352827
2025-04-18 00:00:00,generator_1,8,persistence,0.07312403115354368
2025-04-18 00:00:00,generator_1,8,ema,0.07678053939915276
2025-04-18 00:00:00,generator_1,8,seasonal,0.3754558162886501
2025-04-18 00:00:00,generator_1,8,lgb_residual,0.07220232920824887
2025-04-18 00:00:00,generator_1,8,cat_residual,0.0718720434186625
2025-04-18 00:00:00,generator_1,16,persistence,0.10435389430450603
2025-04-18 00:00:00,generator_1,16,ema,0.10679012765296929
2025-04-18 00:00:00,generator_1,16,seasonal,0.37018005643329
2025-04-18 00:00:00,generator_1,16,lgb_residual,0.10232805026065313
2025-04-18 00:00:00,generator_1,16,cat_residual,0.10214103540927895
2025-04-18 00:00:00,generator_1,24,persistence,0.12457879550224
2025-04-18 00:00:00,generator_1,24,ema,0.12427460222723476
2025-04-18 00:00:00,generator_1,24,seasonal,0.3545178999854055
2025-04-18 00:00:00,generator_1,24,lgb_residual,0.1275013440672113
2025-04-18 00:00:00,generator_1,24,cat_residual,0.12660266214245866
2025-04-18 00:00:00,generator_1,48,persistence,0.1650718011430926
2025-04-18 00:00:00,generator_1,48,ema,0.16726499468917713
2025-04-18 00:00:00,generator_1,48,seasonal,0.3032727456641808
2025-04-18 00:00:00,generator_1,48,lgb_residual,0.18007397765589817
2025-04-18 00:00:00,generator_1,48,cat_residual,0.17015483300998122
2025-04-18 00:00:00,generator_1,96,persistence,0.18854713519983002
2025-04-18 00:00:00,generator_1,96,ema,0.1904902025369398
2025-04-18 00:00:00,generator_1,96,seasonal,0.18854713519983002
2025-04-18 00:00:00,generator_1,96,lgb_residual,0.25509554302698406
2025-04-18 00:00:00,generator_1,96,cat_residual,0.23491081494570243
2025-04-18 00:00:00,generator_all,1,persistence,0.012610410711453345
2025-04-18 00:00:00,generator_all,1,ema,0.016797285434878052
2025-04-18 00:00:00,generator_all,1,seasonal,0.13668283071126472
2025-04-18 00:00:00,generator_all,1,lgb_residual,0.011913690866108148
2025-04-18 00:00:00,generator_all,1,cat_residual,0.01204109619249751
2025-04-18 00:00:00,generator_all,2,persistence,0.019055764592194883
2025-04-18 00:00:00,generator_all,2,ema,0.022629115120149687
2025-04-18 00:00:00,generator_all,2,seasonal,0.13769632604043533
2025-04-18 00:00:00,generator_all,2,lgb_residual,0.017834760026776423
2025-04-18 00:00:00,generator_all,2,cat_residual,0.01768551983247546
2025-04-18 00:00:00,generator_all,3,persistence,0.023513436075871686
2025-04-18 00:00:00,generator_all,3,ema,0.027401700887386637
2025-04-18 00:00:00,generator_all,3,seasonal,0.1385498920520429
2025-04-18 00:00:00,generator_all,3,lgb_residual,0.022277285763261257
2025-04-18 00:00:00,generator_all,3,cat_residual,0.02257182411271134
2025-04-18 00:00:00,generator_all,4,persistence,0.028157963242909385
2025-04-18 00:00:00,generator_all,4,ema,0.03216532311399587
2025-04-18 00:00:00,generator_all,4,seasonal,0.13943818201085725
2025-04-18 00:00:00,generator_all,4,lgb_residual,0.027311703901402307
2025-04-18 00:00:00,generator_all,4,cat_residual,0.028016286859599407
2025-04-18 00:00:00,generator_all,5,persistence,0.03331955650529873
2025-04-18 00:00:00,generator_all,5,ema,0.03643765040378829
2025-04-18 00:00:00,generator_all,5,seasonal,0.14007491930666063
2025-04-18 00:00:00,generator_all,5,lgb_residual,0.03256944106774607
2025-04-18 00:00:00,generator_all,5,cat_residual,0.03214117083597984
2025-04-18 00:00:00,generator_all,6,persistence,0.037470871292010516
2025-04-18 00:00:00,generator_all,6,ema,0.04033840168095113
2025-04-18 00:00:00,generator_all,6,seasonal,0.14081436595559269
2025-04-18 00:00:00,generator_all,6,lgb_residual,0.03820194514225821
2025-04-18 00:00:00,generator_all,6,cat_residual,0.03697493271939247
2025-04-18 00:00:00,generator_all,7,persistence,0.041090605716917195
2025-04-18 00:00:00,generator_all,7,ema,0.043966311855655305
2025-04-18 00:00:00,generator_all,7,seasonal,0.14160755137078165
2025-04-18 00:00:00,generator_all,7,lgb_residual,0.04055878341953748
2025-04-18 00:00:00,generator_all,7,cat_residual,0.039443547075227785
2025-04-18 00:00:00,generator_all,8,persistence,0.04463086453313329
2025-04-18 00:00:00,generator_all,8,ema,0.04725330877801536
2025-04-18 00:00:00,generator_all,8,seasonal,0.1426808850891005
2025-04-18 00:00:00,generator_all,8,lgb_residual,0.044936159983095976
2025-04-18 00:00:00,generator_all,8,cat_residual,0.04508223396580302
2025-04-18 00:00:00,generator_all,16,persistence,0.06432054145012113
2025-04-18 00:00:00,generator_all,16,ema,0.06514673223345822
2025-04-18 00:00:00,generator_all,16,seasonal,0.1500701654540343
2025-04-18 00:00:00,generator_all,16,lgb_residual,0.06515197157972587
2025-04-18 00:00:00,generator_all,16,cat_residual,0.06907505688169463
2025-04-18 00:00:00,generator_all,24,persistence,0.07964753263336162
2025-04-18 00:00:00,generator_all,24,ema,0.08178645714668557
2025-04-18 00:00:00,generator_all,24,seasonal,0.1627002821902939
2025-04-18 00:00:00,generator_all,24,lgb_residual,0.08452943968845462
2025-04-18 00:00:00,generator_all,24,cat_residual,0.08640863800352862
2025-04-18 00:00:00,generator_all,48,persistence,0.13524256379255015
2025-04-18 00:00:00,generator_all,48,ema,0.1387783071550977
2025-04-18 00:00:00,generator_all,48,seasonal,0.198468698395268
2025-04-18 00:00:00,generator_all,48,lgb_residual,0.14469302994888025
2025-04-18 00:00:00,generator_all,48,cat_residual,0.15517955450914656
2025-04-18 00:00:00,generator_all,96,persistence,0.2195812733844803
2025-04-18 00:00:00,generator_all,96,ema,0.21899645664334788
2025-04-18 00:00:00,generator_all,96,seasonal,0.2195812733844803
2025-04-18 00:00:00,generator_all,96,lgb_residual,0.23091937073995847
2025-04-18 00:00:00,generator_all,96,cat_residual,0.20552387716284048
2025-04-27 00:00:00,generator_1,1,persistence,0.03187946989139355
2025-04-27 00:00:00,generator_1,1,ema,0.03548938357917129
2025-04-27 00:00:00,generator_1,1,seasonal,0.09118595085051852
2025-04-27 00:00:00,generator_1,1,lgb_residual,0.030974608245912777
2025-04-27 00:00:00,generator_1,1,cat_residual,0.030474728745836423
2025-04-27 00:00:00,generator_1,1,selected_ensemble,0.030697852105282284
2025-04-27 00:00:00,generator_1,2,persistence,0.04070204224772903
2025-04-27 00:00:00,generator_1,2,ema,0.043545101978989274
2025-04-27 00:00:00,generator_1,2,seasonal,0.09097100436718321
2025-04-27 00:00:00,generator_1,2,lgb_residual,0.03965892079202522
2025-04-27 00:00:00,generator_1,2,cat_residual,0.039562045329646606
2025-04-27 00:00:00,generator_1,2,selected_ensemble,0.03931903912743205
2025-04-27 00:00:00,generator_1,3,persistence,0.046167887250722156
2025-04-27 00:00:00,generator_1,3,ema,0.050707056777363875
2025-04-27 00:00:00,generator_1,3,seasonal,0.09096661620283263
2025-04-27 00:00:00,generator_1,3,lgb_residual,0.044683846752455826
2025-04-27 00:00:00,generator_1,3,cat_residual,0.044048447423109205
2025-04-27 00:00:00,generator_1,3,selected_ensemble,0.0444398693188115
2025-04-27 00:00:00,generator_1,4,persistence,0.058452729094831866
2025-04-27 00:00:00,generator_1,4,ema,0.05834725000504023
2025-04-27 00:00:00,generator_1,4,seasonal,0.09060492266209923
2025-04-27 00:00:00,generator_1,4,lgb_residual,0.055527732950990394
2025-04-27 00:00:00,generator_1,4,cat_residual,0.05548188264383183
2025-04-27 00:00:00,generator_1,4,selected_ensemble,0.0552268693078732
2025-04-27 00:00:00,generator_1,5,persistence,0.0632984507676348
2025-04-27 00:00:00,generator_1,5,ema,0.06345806565622567
2025-04-27 00:00:00,generator_1,5,seasonal,0.091227509879865
2025-04-27 00:00:00,generator_1,5,lgb_residual,0.059358328843774795
2025-04-27 00:00:00,generator_1,5,cat_residual,0.05820864747671346
2025-04-27 00:00:00,generator_1,5,selected_ensemble,0.05908109772486979
2025-04-27 00:00:00,generator_1,6,persistence,0.06858457777155617
2025-04-27 00:00:00,generator_1,6,ema,0.06794092402136963
2025-04-27 00:00:00,generator_1,6,seasonal,0.09201416058688587
2025-04-27 00:00:00,generator_1,6,lgb_residual,0.06275808682435578
2025-04-27 00:00:00,generator_1,6,cat_residual,0.062013092639604264
2025-04-27 00:00:00,generator_1,6,selected_ensemble,0.06267381608906022
2025-04-27 00:00:00,generator_1,7,persistence,0.07400900770144524
2025-04-27 00:00:00,generator_1,7,ema,0.07239927337315767
2025-04-27 00:00:00,generator_1,7,seasonal,0.0926000171732704
2025-04-27 00:00:00,generator_1,7,lgb_residual,0.06666144225377045
2025-04-27 00:00:00,generator_1,7,cat_residual,0.06660134444091796
2025-04-27 00:00:00,generator_1,7,selected_ensemble,0.0667237196762929
2025-04-27 00:00:00,generator_1,8,persistence,0.07768691284199836
2025-04-27 00:00:00,generator_1,8,ema,0.07624489928461105
2025-04-27 00:00:00,generator_1,8,seasonal,0.0937784722035693
2025-04-27 00:00:00,generator_1,8,lgb_residual,0.06926563337913925
2025-04-27 00:00:00,generator_1,8,cat_residual,0.0672100468073127
2025-04-27 00:00:00,generator_1,8,selected_ensemble,0.06916812724392885
2025-04-27 00:00:00,generator_1,16,persistence,0.09581910836604227
2025-04-27 00:00:00,generator_1,16,ema,0.09002766300965913
2025-04-27 00:00:00,generator_1,16,seasonal,0.10467098122767587
2025-04-27 00:00:00,generator_1,16,lgb_residual,0.0873203792921102
2025-04-27 00:00:00,generator_1,16,cat_residual,0.08543416397483691
2025-04-27 00:00:00,generator_1,16,selected_ensemble,0.08601240079300712
2025-04-27 00:00:00,generator_1,24,persistence,0.10045639712080409
2025-04-27 00:00:00,generator_1,24,ema,0.09652940274636343
2025-04-27 00:00:00,generator_1,24,seasonal,0.1113899148229038
2025-04-27 00:00:00,generator_1,24,lgb_residual,0.09245665440740343
2025-04-27 00:00:00,generator_1,24,cat_residual,0.08617862235922807
2025-04-27 00:00:00,generator_1,24,selected_ensemble,0.08765559003822193
2025-04-27 00:00:00,generator_1,48,persistence,0.14812611980384371
2025-04-27 00:00:00,generator_1,48,ema,0.14850739468664484
2025-04-27 00:00:00,generator_1,48,seasonal,0.13007720271520573
2025-04-27 00:00:00,generator_1,48,lgb_residual,0.12675145135511032
2025-04-27 00:00:00,generator_1,48,cat_residual,0.14243164306928494
2025-04-27 00:00:00,generator_1,48,selected_ensemble,0.14277208452537532
2025-04-27 00:00:00,generator_1,96,persistence,0.1290056062265591
2025-04-27 00:00:00,generator_1,96,ema,0.12453727478655906
2025-04-27 00:00:00,generator_1,96,seasonal,0.1290056062265591
2025-04-27 00:00:00,generator_1,96,lgb_residual,0.11617358120240656
2025-04-27 00:00:00,generator_1,96,cat_residual,0.1208839810173465
2025-04-27 00:00:00,generator_1,96,selected_ensemble,0.12453727478655906
2025-04-27 00:00:00,generator_all,1,persistence,0.016302492764797196
2025-04-27 00:00:00,generator_all,1,ema,0.0231189029700563
2025-04-27 00:00:00,generator_all,1,seasonal,0.09139146464044134
2025-04-27 00:00:00,generator_all,1,lgb_residual,0.015233258378678664
2025-04-27 00:00:00,generator_all,1,cat_residual,0.015222002887043782
2025-04-27 00:00:00,generator_all,1,selected_ensemble,0.015216494247679752
2025-04-27 00:00:00,generator_all,2,persistence,0.024861320909881784
2025-04-27 00:00:00,generator_all,2,ema,0.030482680903262865
2025-04-27 00:00:00,generator_all,2,seasonal,0.09154877612376798
2025-04-27 00:00:00,generator_all,2,lgb_residual,0.0227100117311275
2025-04-27 00:00:00,generator_all,2,cat_residual,0.0229097603265425
2025-04-27 00:00:00,generator_all,2,selected_ensemble,0.022816738113178536
2025-04-27 00:00:00,generator_all,3,persistence,0.03233965339861585
2025-04-27 00:00:00,generator_all,3,ema,0.0373178639986009
2025-04-27 00:00:00,generator_all,3,seasonal,0.09160255901212247
2025-04-27 00:00:00,generator_all,3,lgb_residual,0.028194875147647267
2025-04-27 00:00:00,generator_all,3,cat_residual,0.028450314479284176
2025-04-27 00:00:00,generator_all,3,selected_ensemble,0.02858224787196059
2025-04-27 00:00:00,generator_all,4,persistence,0.039837754291870524
2025-04-27 00:00:00,generator_all,4,ema,0.043403338119099286
2025-04-27 00:00:00,generator_all,4,seasonal,0.09169011525428335
2025-04-27 00:00:00,generator_all,4,lgb_residual,0.035536738208391754
2025-04-27 00:00:00,generator_all,4,cat_residual,0.03570186961950982
2025-04-27 00:00:00,generator_all,4,selected_ensemble,0.03572808914817818
2025-04-27 00:00:00,generator_all,5,persistence,0.045435505768685415
2025-04-27 00:00:00,generator_all,5,ema,0.04887496985487292
2025-04-27 00:00:00,generator_all,5,seasonal,0.09157699526709114
2025-04-27 00:00:00,generator_all,5,lgb_residual,0.03811674858979715
2025-04-27 00:00:00,generator_all,5,cat_residual,0.039344386142716216
2025-04-27 00:00:00,generator_all,5,selected_ensemble,0.039037961341436375
2025-04-27 00:00:00,generator_all,6,persistence,0.05140277970521936
2025-04-27 00:00:00,generator_all,6,ema,0.0537559647620401
2025-04-27 00:00:00,generator_all,6,seasonal,0.09140845950389735
2025-04-27 00:00:00,generator_all,6,lgb_residual,0.041581123124449504
2025-04-27 00:00:00,generator_all,6,cat_residual,0.04343953325487159
2025-04-27 00:00:00,generator_all,6,selected_ensemble,0.04335817708734325
2025-04-27 00:00:00,generator_all,7,persistence,0.05613369725378825
2025-04-27 00:00:00,generator_all,7,ema,0.05804333260278154
2025-04-27 00:00:00,generator_all,7,seasonal,0.09145464238137585
2025-04-27 00:00:00,generator_all,7,lgb_residual,0.04594667832091319
2025-04-27 00:00:00,generator_all,7,cat_residual,0.04752756335756306
2025-04-27 00:00:00,generator_all,7,selected_ensemble,0.047349649679236376
2025-04-27 00:00:00,generator_all,8,persistence,0.060522343702890835
2025-04-27 00:00:00,generator_all,8,ema,0.061993427135383916
2025-04-27 00:00:00,generator_all,8,seasonal,0.091559616473303
2025-04-27 00:00:00,generator_all,8,lgb_residual,0.04869861363262909
2025-04-27 00:00:00,generator_all,8,cat_residual,0.050069877247935345
2025-04-27 00:00:00,generator_all,8,selected_ensemble,0.05017075264772508
2025-04-27 00:00:00,generator_all,16,persistence,0.08051351816724256
2025-04-27 00:00:00,generator_all,16,ema,0.07429111348881612
2025-04-27 00:00:00,generator_all,16,seasonal,0.09435156224320365
2025-04-27 00:00:00,generator_all,16,lgb_residual,0.06674143566163236
2025-04-27 00:00:00,generator_all,16,cat_residual,0.06884369714589163
2025-04-27 00:00:00,generator_all,16,selected_ensemble,0.06948146574062947
2025-04-27 00:00:00,generator_all,24,persistence,0.07043108765320914
2025-04-27 00:00:00,generator_all,24,ema,0.0680690104934928
2025-04-27 00:00:00,generator_all,24,seasonal,0.09350014214372424
2025-04-27 00:00:00,generator_all,24,lgb_residual,0.06236496562058209
2025-04-27 00:00:00,generator_all,24,cat_residual,0.05768356556755839
2025-04-27 00:00:00,generator_all,24,selected_ensemble,0.06114521225433608
2025-04-27 00:00:00,generator_all,48,persistence,0.1448703480825939
2025-04-27 00:00:00,generator_all,48,ema,0.14285483640632363
2025-04-27 00:00:00,generator_all,48,seasonal,0.13418562426939326
2025-04-27 00:00:00,generator_all,48,lgb_residual,0.08898406747193403
2025-04-27 00:00:00,generator_all,48,cat_residual,0.11405649849080078
2025-04-27 00:00:00,generator_all,48,selected_ensemble,0.10996638342030782
2025-04-27 00:00:00,generator_all,96,persistence,0.20897874229663693
2025-04-27 00:00:00,generator_all,96,ema,0.20770758036148534
2025-04-27 00:00:00,generator_all,96,seasonal,0.20897874229663693
2025-04-27 00:00:00,generator_all,96,lgb_residual,0.17162550644735916
2025-04-27 00:00:00,generator_all,96,cat_residual,0.18502276830725706
2025-04-27 00:00:00,generator_all,96,selected_ensemble,0.19877905603200868
